timestamp_utc,run_id,session,runner,parent_id,regime,candidate_id,window_target_seconds,rejection_reason,raw_stderr_tail
2026-10-02T20:34:48Z,fresh_f_energy_20261003-blackwell-fresh_g_ml_tensor_matmul-large-c1,1,fresh_f_driver_ml,fresh_g_ml_tensor_matmul,large,c1,15.0,calibration_failed,"duration_did_not_converge: calibration probe failed: FATAL: UNSEEN_EXPECT_UUID is not set; refusing to run on an unverified device
"
2026-10-02T20:35:09Z,fresh_f_energy_20261003-blackwell-fresh_g_ml_tensor_matmul-large-c2,1,fresh_f_driver_ml,fresh_g_ml_tensor_matmul,large,c2,15.0,calibration_failed,"duration_did_not_converge: calibration probe failed: FATAL: UNSEEN_EXPECT_UUID is not set; refusing to run on an unverified device
"
2026-10-02T20:35:29Z,fresh_f_energy_20261003-blackwell-fresh_g_ml_tensor_matmul-medium-c1,1,fresh_f_driver_ml,fresh_g_ml_tensor_matmul,medium,c1,15.0,calibration_failed,"duration_did_not_converge: calibration probe failed: FATAL: UNSEEN_EXPECT_UUID is not set; refusing to run on an unverified device
"
2026-10-02T20:35:50Z,fresh_f_energy_20261003-blackwell-fresh_g_ml_tensor_matmul-medium-c2,1,fresh_f_driver_ml,fresh_g_ml_tensor_matmul,medium,c2,15.0,calibration_failed,"duration_did_not_converge: calibration probe failed: FATAL: UNSEEN_EXPECT_UUID is not set; refusing to run on an unverified device
"
2026-10-02T20:36:10Z,fresh_f_energy_20261003-blackwell-fresh_g_ml_tensor_matmul-small-c1,1,fresh_f_driver_ml,fresh_g_ml_tensor_matmul,small,c1,15.0,calibration_failed,"duration_did_not_converge: calibration probe failed: FATAL: UNSEEN_EXPECT_UUID is not set; refusing to run on an unverified device
"
2026-10-02T20:36:31Z,fresh_f_energy_20261003-blackwell-fresh_g_ml_tensor_matmul-small-c2,1,fresh_f_driver_ml,fresh_g_ml_tensor_matmul,small,c2,15.0,calibration_failed,"duration_did_not_converge: calibration probe failed: FATAL: UNSEEN_EXPECT_UUID is not set; refusing to run on an unverified device
"
2026-10-02T20:36:51Z,fresh_f_energy_20261003-blackwell-fresh_g_ml_tensor_matmul-xlarge-c1,1,fresh_f_driver_ml,fresh_g_ml_tensor_matmul,xlarge,c1,15.0,calibration_failed,"duration_did_not_converge: calibration probe failed: FATAL: UNSEEN_EXPECT_UUID is not set; refusing to run on an unverified device
"
