parent_id,split,application_role,source_repository,pinned_revision,license_spdx,source_path,lineage_group,lineage_relationship,semantic_reference,pin_verification,path_status,work_formula_basis,candidate_grid_status,candidate_grid_note,source_status,implementation_status,energy_label_status,build_dependency
train_p1_shared_generator,train,streaming_fusion,repository-local,HEAD-at-freeze,NONE,workloads/predictor_vector_load.cu,local-tier-address-scaffold,"vector_load_kernel's index expression `(base + visit*blockDim.x*step_warps) & mask` is the predictor_tier_load.cu scaffold reused verbatim (file header, L10-16); shares a real address-generator core with train_multistream_load, which extends the same base+visit expression with a per-stream phase offset -- grouped together, not renamed independently.",load_fma_accumulate,not_applicable_local,verified_200_local,source_verified,native_verified,--threads is native threads_per_block; --iterations is native items_per_thread. --blocks and --tile-elements are additional required native axes the 2-tuple grid does not carry; recorded explicitly per cell rather than left implicit.,source_audited,implemented_cpu_reference,none_admitted_by_catalog,CUDA toolkit + pinned source checkout; see source_adapter.py
train_segmented_load,train,indexed_memory,repository-local,HEAD-at-freeze,NONE,workloads/predictor_segmented_load.cu,local-segmented-traversal,"File header states this generator 'breaks the address generator itself, not the payload': addresses are data-dependent contiguous runs read from a memory-resident offset table computed by segment_length(), not the base+visit*stride expression. Independent of the tier-scaffold group and of shared-stage.",segmented_gather,not_applicable_local,verified_200_local,source_verified,requires_remap,"Trip count per segment is data-dependent (read from segment_offsets[]); 'items_per_thread' is not a fixed native value here. Native controls are --run-length/--run-spread (declared length distribution) and --iterations (segment steps per thread), not (threads, items/thread).",source_audited,implemented_cpu_reference,none_admitted_by_catalog,CUDA toolkit + pinned source checkout; see source_adapter.py
train_multistream_load,train,streaming_fusion,repository-local,HEAD-at-freeze,NONE,workloads/predictor_multistream_load.cu,local-tier-address-scaffold,"multistream_load_kernel's per-stream index `(base + walk + phase) & mask` reuses the same base+visit expression as vector_load_kernel (train_p1_shared_generator), extended with a per-stream phase offset; same address-generator core, grouped together.",load_fma_accumulate,not_applicable_local,verified_200_local,source_verified,native_verified,"--threads is native threads_per_block; --iterations is native items_per_thread. --streams is an additional required native axis (power-of-two, <=8, must divide --tile-elements) the 2-tuple grid does not carry.",source_audited,implemented_cpu_reference,none_admitted_by_catalog,CUDA toolkit + pinned source checkout; see source_adapter.py
train_shared_stage,train,streaming_fusion,repository-local,HEAD-at-freeze,NONE,workloads/predictor_shared_stage_load.cu,local-shared-stage-decouple,"File header states this generator decouples global traffic from access pattern via cooperative staging into __shared__ memory with a --reuse axis no other local generator has; shares no address expression with the tier scaffold or the segmented generator. Application role corrected from 'reduction' to 'streaming_fusion': no data-value reduction occurs (the accumulator only counts reads for the correctness check); the actual computed quantity is a decoupled global-stage-then-repeat-read pattern, closest to the existing streaming_fusion role.",shared_stage_decouple,not_applicable_local,verified_200_local,source_verified,requires_remap,"--threads is native threads_per_block. There is no native items_per_thread: --chunks scales *global* bytes and --reuse scales *on-chip shared* reads, two independent native axes the 2-tuple grid conflates into one number.",source_audited,implemented_cpu_reference,none_admitted_by_catalog,CUDA toolkit + pinned source checkout; see source_adapter.py
dev_local_triad,development,streaming_fusion,repository-local,HEAD-at-freeze,NONE,workloads/e2e_tile_triad_calibration.cu,local-triad-standalone,"File's own header: 'independently written 2-D triad', 'deliberately not included in M201 fitting'. Compile-time-fixed TILE_DIM x TILE_DIM 2-D block with no relation to the tier address scaffold, the segmented generator, or shared-stage -- and a different kernel shape/CLI from dev_local_transpose, so not grouped with it either.",triad_axpy2d,not_applicable_local,verified_200_local,source_verified,does_not_apply,"Kernel launches a compile-time-fixed square 2-D thread block (TILE_DIM x TILE_DIM, default 16x16 = 256 threads/block); there is no runtime threads_per_block or items_per_thread parameter at all. Native CLI controls are only --n (matrix dimension) and --launches.",source_audited,implemented_cpu_reference,none_admitted_by_catalog,CUDA toolkit + pinned source checkout; see source_adapter.py
dev_local_transpose,development,layout_transform,repository-local,HEAD-at-freeze,NONE,workloads/e2e_transpose.cu,local-tiled-transpose-standalone,"File header: 'shares no addressing code, no correctness scaffold and no parameter sweep with predictor_tier_load.cu or its siblings'. Independent of every other local lineage group, including dev_local_triad (different kernel: shared-memory-staged tiled transpose vs. a direct unstaged triad; different correctness check; different CLI).",tiled_transpose,not_applicable_local,verified_200_local,source_verified,does_not_apply,"Compile-time-fixed TILE_DIM x TILE_DIM 2-D block (default 32x32); same constraint class as dev_local_triad (no runtime threads_per_block/items_per_thread), but a textually distinct kernel and CLI, so still its own lineage group. Native CLI controls are --n and --launches.",source_audited,implemented_cpu_reference,none_admitted_by_catalog,CUDA toolkit + pinned source checkout; see source_adapter.py
train_cuda_samples_reduction,train,reduction,https://github.com/NVIDIA/cuda-samples,5443602d89ed99aede2e4b7bf329daddeadb320e,BSD-3-Clause,cpp/2_Concepts_and_Techniques/reduction/reduction_kernel.cu,cuda-samples-reduction,"Upstream CUDA Samples reduction kernels; the companion reduction.cpp owns allocation, final host reduction and sample launch controls. The pinned source path moved under cpp/.",reduce,github_commits_api_200_2026-09-14,verified_200_read,source_verified,native_verified,"The wrapper's whichKernel choices 2, 3, 4 and 5 all compute the same sum on the same FP32 input; threads and blocks are held fixed per problem. Direct controls are size, threads, blocks and whichKernel; the wrapper performs the final host reduction.",source_verified,compiled_gpu_verified,none_admitted_by_catalog,CUDA toolkit + pinned source checkout; see source_adapter.py
train_cuda_samples_transpose,train,layout_transform,https://github.com/NVIDIA/cuda-samples,5443602d89ed99aede2e4b7bf329daddeadb320e,BSD-3-Clause,cpp/6_Performance/transpose/transpose.cu,cuda-samples-transpose,"Upstream transpose implementation; the pinned source path moved under cpp/. The full-output transpose kernels naive, coalesced, no-bank-conflicts and diagonal are equivalent transposes; coarse/fine partial kernels are excluded.",transpose,github_commits_api_200_2026-09-14,verified_200_read,source_verified,native_verified,"Native controls are dimX, dimY and kernel variant. Four candidates use full transpose variants 2, 3, 4 and 7 with the same matrix, dtype and output semantics.",source_verified,compiled_gpu_verified,none_admitted_by_catalog,CUDA toolkit + pinned source checkout; see source_adapter.py
train_triton_vector_add,train,streaming_fusion,https://github.com/triton-lang/triton,7369aa3d9b0fae7134bf47b16d83876b09ef8e9f,MIT,python/tutorials/01-vector-add.py,triton-vector-add,Upstream tutorial implementation; independently audited source file.,vector_add,github_commits_api_200_2026-09-14,verified_200_read,source_verified,requires_remap,"Fetched and read add_kernel() at the pinned commit 2026-09-14: two tl.load (x, y), one add, one tl.store -- confirms 2 reads + 1 write + 1 FLOP/element, not a residual+activation formula. Triton's native launch model is BLOCK_SIZE (elements/program) x grid=ceil(n/BLOCK_SIZE), with num_warps/num_stages chosen separately -- not CUDA's raw (threads_per_block, items_per_thread). BLOCK_SIZE is the closest single-axis analog and is what the candidate grid is remapped to.",source_verified,compiled_gpu_verified,none_admitted_by_catalog,CUDA toolkit + pinned source checkout; see source_adapter.py
train_cub_block_reduce,final,reduction,https://github.com/NVIDIA/cccl,d670cb5242c2b855d0286bb7f4921e85543c177b,Apache-2.0,cub/test/catch2_test_block_reduce.cu,cub-reduce-family,"Path verified (HTTP 200 at pinned commit). Traced real #include ancestry 2026-09-14: cub/device/device_reduce.cuh actually lives at cub/cub/device/device_reduce.cuh in the merged cccl layout (catalog path corrected) and includes cub/device/dispatch/dispatch_reduce.cuh, which dispatches through cub/agent/agent_reduce.cuh, which #includes cub/block/block_reduce.cuh -- the exact header catch2_test_block_reduce.cu instantiates cub::BlockReduce from. DeviceReduce is genuinely built on BlockReduce, not a separately-invented implementation with a different name; merged into one lineage group with final_cub_device_reduce rather than kept nominally distinct.",reduce,github_commits_api_200_2026-09-14,verified_200_read,source_verified,native_verified,The pinned block_reduce_kernel computes one block-wide reduction into one output. Equivalent compile-time instantiations vary BlockDimX and ItemsPerThread while holding a 1024-element input and sum operation fixed.,source_verified,implemented_unvalidated_runtime,sealed_final,CUDA toolkit + pinned source checkout; see source_adapter.py
dev_triton_softmax,development,normalization,https://github.com/triton-lang/triton,7369aa3d9b0fae7134bf47b16d83876b09ef8e9f,MIT,python/tutorials/02-fused-softmax.py,triton-softmax,"Upstream fused softmax; exact source fetched and read at the pinned commit on 2026-09-16. The source's softmax_kernel loads one masked row, performs max/subtract/exp/sum/divide, and stores one masked row. Its helper chooses BLOCK_SIZE=next_power_of_2(n_cols), num_warps=8, and num_stages based on available shared memory; the adapter exposes the kernel's native num_warps/num_stages meta-parameters while holding the logical problem and BLOCK_SIZE fixed.",softmax,github_commits_api_200_2026-09-14,verified_200_read,source_verified,native_verified,"Direct softmax_kernel launch is native Triton: BLOCK_SIZE is the smallest power of two >= n_cols and is fixed per problem; candidate controls are num_warps and num_stages. The four candidates are semantically equivalent implementations of the same row-wise FP32 softmax; they are not the tutorial helper's only hard-coded (8,auto) choice, so the source/hash-verified softmax_runner.py records the direct-kernel mapping explicitly. Runtime execution remains unvalidated until an exact checkout and Triton/PyTorch/CUDA environment are supplied.",source_audited,compiled_gpu_verified,none_admitted_by_catalog,CUDA toolkit + pinned source checkout; see source_adapter.py
dev_pytorch_rowwise_softmax,development,normalization,https://github.com/pytorch/pytorch,67faf385dd4133d3e658f9b1c2a4c87dc9b61218,BSD-3-Clause,aten/src/ATen/native/cuda/SoftMax.cu,pytorch-softmax,"ATen CUDA spatial softmax implementation. The spatial forward kernel reads an outer x dim x inner tensor, reduces over dim and writes the same logical output. Four padded row-stride descriptors preserve the same logical tensor while exercising the source stride path.",softmax,github_commits_api_200_2026-09-14,verified_200_read,source_verified,native_verified,"Native controls are outer_size, dim_size, inner_size and input/output strides. Candidates hold the logical MxN problem fixed and vary only a legal padded row stride.",source_verified,implemented_unvalidated_runtime,none_admitted_by_catalog,CUDA toolkit + pinned source checkout; see source_adapter.py
final_triton_layer_norm,development,normalization_with_fusion,https://github.com/triton-lang/triton,7369aa3d9b0fae7134bf47b16d83876b09ef8e9f,MIT,python/tutorials/05-layer-norm.py,triton-layernorm,"Upstream fused LayerNorm; reclassified final->development 2026-09-23 (approved by the authors, instruction to the authors, pending coordinator ratification -- see split_reclassifications.json; same precedent as source_equivalences.json's triad/transpose entries) after dev_pytorch_rowwise_softmax hard-refused and all four original development parents were exhausted. The source's _layer_norm_fwd_fused kernel reads X three times for mean/variance/normalization, reads W/B once, writes Y and per-row mean/rstd, and exposes BLOCK_SIZE and num_warps as native meta-controls.",norm,github_commits_api_200_2026-09-14,verified_200_read,source_verified,native_verified,"Four direct-kernel candidates hold M,N,dtype,weights,bias and BLOCK_SIZE fixed while varying the source-native num_warps meta-parameter.",source_verified,compiled_gpu_verified,none_admitted_by_catalog,CUDA toolkit + pinned source checkout; see source_adapter.py
final_pytorch_layer_norm,final,normalization_with_fusion,https://github.com/pytorch/pytorch,67faf385dd4133d3e658f9b1c2a4c87dc9b61218,BSD-3-Clause,aten/src/ATen/native/cuda/layer_norm_kernel.cu,pytorch-layernorm,"ATen LayerNorm forward implementation; final labels sealed. The rowwise forward kernels read X and affine parameters, write Y plus mean/rstd, and accept a row stride. Four padded-row descriptors preserve one logical LayerNorm problem while exercising legal source strides.",norm,github_commits_api_200_2026-09-14,verified_200_read,source_verified,native_verified,Candidates hold logical shape and values fixed while varying a legal padded row stride.,source_verified,implemented_unvalidated_runtime,sealed_final,CUDA toolkit + pinned source checkout; see source_adapter.py
final_pytorch_embedding,final,indexed_memory,https://github.com/pytorch/pytorch,67faf385dd4133d3e658f9b1c2a4c87dc9b61218,BSD-3-Clause,aten/src/ATen/native/cuda/Indexing.cu,pytorch-embedding,"ATen CUDA index_select gather implementation; final labels sealed. The earlier Embedding.cu path contains backward/renorm kernels, not forward gather. Indexing.cu contains the exact indexSelectSmallIndex/indexSelectLargeIndex implementation.",gather,github_commits_api_200_2026-09-14,verified_200_read,source_verified,native_verified,"Native controls are source shape, selected dimension, index tensor and source/output strides. The supported cell uses one legal contiguous index_select configuration; no fabricated block ladder is claimed.",source_verified,implemented_unvalidated_runtime,sealed_final,CUDA toolkit + pinned source checkout; see source_adapter.py
final_xformers_indexed_select,final,indexed_memory,https://github.com/facebookresearch/xformers,6d925b3a94312fb46249d83879cab045b6a0aaae,BSD-3-Clause,xformers/ops/_triton/k_index_select_cat.py,xformers-indexed-select,Pinned xFormers Triton index_select_cat kernel; final labels sealed. This is the exact maintained implementation behind the Python indexing dispatcher. The forward kernel gathers selected rows and stores a full output matrix.,gather,github_commits_api_200_2026-09-14,verified_200_read,source_verified,native_verified,Four direct-kernel candidates hold source/index/output tensors fixed and vary only native BLOCK_SIZE_COL; BLOCK_SIZE_INDEX remains 1 as in the source wrapper.,source_verified,implemented_unvalidated_runtime,sealed_final,CUDA toolkit + pinned source checkout; see source_adapter.py
final_cub_device_reduce,final,reduction,https://github.com/NVIDIA/cccl,d670cb5242c2b855d0286bb7f4921e85543c177b,Apache-2.0,cub/cub/device/device_reduce.cuh,cub-reduce-family,CUB device-wide reduction; final labels sealed. Path corrected from cub/device/device_reduce.cuh (404 at the pinned commit) to cub/cub/device/device_reduce.cuh (verified 200) -- the merged cccl monorepo nests cub's own tree under cub/cub/. Merged into the cub-reduce-family lineage group with train_cub_block_reduce; see that row's rationale for the traced #include chain.,reduce,github_commits_api_200_2026-09-14,verified_200_read,source_verified,single_legal_config,"Path corrected and read at the pinned revision. DeviceReduce::Sum is a device-wide reduction with a runtime temp-storage query and one scalar output. The source API exposes no safe, semantically equivalent launch ladder in this catalog scope, so this remains a prediction fixture with one native configuration rather than invented candidates.",source_verified,implemented_unvalidated_runtime,sealed_final,CUDA toolkit + pinned source checkout; see source_adapter.py
final_cuda_samples_copy,train,streaming_fusion,https://github.com/NVIDIA/cuda-samples,5443602d89ed99aede2e4b7bf329daddeadb320e,BSD-3-Clause,cpp/0_Introduction/vectorAdd/vectorAdd.cu,cuda-samples-vectoradd,Upstream CUDA Samples vector addition; moved to train to keep the CUB reduction lineage entirely final. The pinned source uses one FP32 load from each input and one FP32 output store per element.,vector_add,github_commits_api_200_2026-09-14,verified_200_read,source_verified,native_verified,"Direct vecAdd launches with the same vector length and four legal block sizes (128, 256, 512, 1024); the stock sample hard-codes 256, so the adapter records a direct-kernel launch rather than pretending the CLI exposes this axis.",source_verified,compiled_gpu_verified,none_admitted_by_catalog,CUDA toolkit + pinned source checkout; see source_adapter.py
