cell_id,validation,kernel,tier,measured_s,energy_j,group,power,rt_current,e_current,rt_stage,e_stage,rt_busiest,e_busiest,rt_both,e_both
blackwell/unseen_cuda_samples_black_scholes/large/c1,False,Black-Scholes,L2,6.67763217623498e-06,0.004906941018591856,Seen during model building,587.7408663207251,5.9693510434651926e-06,0.0035816106260791155,5.9693510434651926e-06,0.0035816106260791155,5.9693510434651926e-06,0.0035816106260791155,5.9693510434651926e-06,0.0035816106260791155
blackwell/unseen_cuda_samples_black_scholes/large/c2,False,Black-Scholes,L2,9.763385416666667e-06,0.006105773802268427,Seen during model building,588.7861520188201,8.049152353036964e-06,0.004829491411822178,8.049152353036964e-06,0.004829491411822178,8.049152353036964e-06,0.004829491411822178,8.049152353036964e-06,0.004829491411822178
blackwell/unseen_cuda_samples_black_scholes/medium/c1,False,Black-Scholes,L2,3.0849745815251085e-06,0.002129048980979352,Seen during model building,590.5568994565964,2.867920417386077e-06,0.0017207522504316462,2.867920417386077e-06,0.0017207522504316462,2.867920417386077e-06,0.0017207522504316462,2.867920417386077e-06,0.0017207522504316462
blackwell/unseen_cuda_samples_black_scholes/medium/c2,False,Black-Scholes,L2,4.265981735159817e-06,0.0026612476606788344,Seen during model building,592.3301835794301,3.6996285621234324e-06,0.0022197771372740593,3.6996285621234324e-06,0.0022197771372740593,3.6996285621234324e-06,0.0022197771372740593,3.6996285621234324e-06,0.0022197771372740593
blackwell/unseen_cuda_samples_black_scholes/small/c1,False,Black-Scholes,L2,1.563182861328125e-06,0.0009488043796182787,Seen during model building,591.9130602303258,1.3172051043465194e-06,0.0006794660957028911,1.3172051043465194e-06,0.0006794660957028911,1.3172051043465194e-06,0.0006794660957028911,1.3172051043465194e-06,0.0006794660957028911
blackwell/unseen_cuda_samples_black_scholes/small/c2,False,Black-Scholes,L2,1.6047296875e-06,0.0009720506448012627,Seen during model building,591.7837053583469,1.5248666666666666e-06,0.0007080281627640093,1.5248666666666666e-06,0.0007080281627640093,1.5248666666666666e-06,0.0007080281627640093,1.5248666666666666e-06,0.0007080281627640093
blackwell/unseen_cuda_samples_black_scholes/xlarge/c1,False,Black-Scholes,DRAM,0.00016009633854166666,0.07931117399411487,Seen during model building,495.72929114830606,0.00016873559501215076,0.07824700045016794,0.00016873559501215076,0.07824700045016794,0.00016873559501215076,0.07824700045016794,0.00016873559501215076,0.07824700045016794
blackwell/unseen_cuda_samples_black_scholes/xlarge/c2,False,Black-Scholes,DRAM,0.0001614902365591398,0.08033536589129185,Seen during model building,497.614623764477,0.00016873559501215076,0.07824700045016794,0.00016873559501215076,0.07824700045016794,0.00016873559501215076,0.07824700045016794,0.00016873559501215076,0.07824700045016794
blackwell/unseen_cuda_samples_matrix_multiply/large/c1,False,Tiled matrix multiply,L2,0.0016387665,0.9975643057631632,Seen during model building,590.2390472344815,0.0019743132378765797,0.9969939097426969,0.0019743132378765797,0.9969939097426969,0.0019763094949587167,0.9972684777851125,0.0019763094949587167,0.9972684777851125
blackwell/unseen_cuda_samples_matrix_multiply/large/c2,False,Tiled matrix multiply,L2,0.0017121332777777778,0.8512033889614531,Seen during model building,487.5936522386295,0.0020875767424800057,0.878929405617944,0.0020875767424800057,0.878929405617944,0.0021253678545547112,0.8841272489998977,0.0021253678545547112,0.8841272489998977
blackwell/unseen_cuda_samples_matrix_multiply/medium/c1,False,Tiled matrix multiply,L2,0.00022678642424242427,0.1371167905014917,Seen during model building,590.68138331451,0.00025956988227024587,0.13096912591424548,0.00025956988227024587,0.13096912591424548,0.00026748384276825373,0.13205762331327142,0.00026748384276825373,0.13205762331327142
blackwell/unseen_cuda_samples_matrix_multiply/medium/c2,False,Tiled matrix multiply,L2,0.000229176,0.11292138878393528,Seen during model building,482.6546606922154,0.0002742446023811083,0.11545817136147044,0.0002742446023811083,0.11545817136147044,0.00028180431263979754,0.11649794467800952,0.00028180431263979754,0.11649794467800952
blackwell/unseen_cuda_samples_matrix_multiply/small/c1,False,Tiled matrix multiply,L2,1.230016420361248e-05,0.005818386290423353,Seen during model building,466.61658980435845,1.2296284092702856e-05,0.005270386155311818,1.2296284092702856e-05,0.005270386155311818,1.3644732031505603e-05,0.005455853605456172,1.3644732031505603e-05,0.005455853605456172
blackwell/unseen_cuda_samples_matrix_multiply/small/c2,False,Tiled matrix multiply,L2,1.3607781876138434e-05,0.004757885707219254,Seen during model building,345.4347777246892,1.6569483592948004e-05,0.005202719778366208,1.6569483592948004e-05,0.005202719778366208,1.6569483592948004e-05,0.005202719778366208,1.6569483592948004e-05,0.005202719778366208
blackwell/unseen_cuda_samples_matrix_multiply/xlarge/c1,False,Tiled matrix multiply,DRAM,0.014021386333333332,8.480777985863886,Seen during model building,584.5821607600969,,,,,,,,
blackwell/unseen_cuda_samples_matrix_multiply/xlarge/c2,False,Tiled matrix multiply,DRAM,0.0150848635,7.348090635111881,Seen during model building,479.0028558936873,,,,,,,,
blackwell/unseen_cuda_samples_scan/large/c1,False,Prefix-sum scan,L2,1.5613816145833334e-05,0.00852159710247995,Seen during model building,538.7792943358916,1.9464145126026446e-05,0.01136810597187417,1.9464145126026446e-05,0.01136810597187417,1.9481569565982945e-05,0.011370502554164025,1.9481569565982945e-05,0.011370502554164025
blackwell/unseen_cuda_samples_scan/large/c2,False,Prefix-sum scan,L2,1.5813198839662447e-05,0.008618692435441559,Seen during model building,537.9803874479276,1.967455788011952e-05,0.011402847416821252,1.967455788011952e-05,0.011402847416821252,1.9691982320076022e-05,0.011405243999111107,1.9691982320076022e-05,0.011405243999111107
blackwell/unseen_cuda_samples_scan/medium/c1,False,Prefix-sum scan,L2,7.191574340527578e-06,0.0031615811793024176,Seen during model building,435.34157028519905,8.374913370843805e-06,0.004048890756300303,8.374913370843805e-06,0.004048890756300303,8.380721517495972e-06,0.004049689617063588,8.380721517495972e-06,0.004049689617063588
blackwell/unseen_cuda_samples_scan/medium/c2,False,Prefix-sum scan,L2,7.392347140039448e-06,0.0032645312429960024,Seen during model building,437.40939805841407,8.58532612493688e-06,0.004079764884546788,8.58532612493688e-06,0.004079764884546788,8.591134271589049e-06,0.004080563745310073,8.591134271589049e-06,0.004080563745310073
blackwell/unseen_cuda_samples_scan/small/c1,False,Prefix-sum scan,L2,3.459816920943134e-06,0.0006764718125414723,Seen during model building,194.33815375413974,3.8893842742572734e-06,0.0008970756081911628,3.8893842742572734e-06,0.0008970756081911628,3.933050340654293e-06,0.0009030815011585099,3.933050340654293e-06,0.0009030815011585099
blackwell/unseen_cuda_samples_scan/small/c2,False,Prefix-sum scan,L2,3.6566686217008796e-06,0.0006950877115524394,Seen during model building,189.4721043653297,4.099797028350349e-06,0.0009262577853811353,4.099797028350349e-06,0.0009262577853811353,4.143463094747368e-06,0.0009322636783484825,4.143463094747368e-06,0.0009322636783484825
blackwell/unseen_cuda_samples_scan/xlarge/c1,False,Prefix-sum scan,DRAM,0.0003602247738095238,0.13797492994912258,Seen during model building,382.76211976946144,0.00040163363592035867,0.1682756658031916,0.00040163363592035867,0.1682756658031916,0.000401671969688263,0.16828093828422927,0.000401671969688263,0.16828093828422927
blackwell/unseen_cuda_samples_scan/xlarge/c2,False,Prefix-sum scan,DRAM,0.0003603683928571429,0.1378446907237908,Seen during model building,382.40852573406664,0.0004018440486744518,0.16833554480669258,0.0004018440486744518,0.16833554480669258,0.00040188238244235605,0.16834081728773026,0.00040188238244235605,0.16834081728773026
blackwell/unseen_cuda_samples_separable_convolution/large/c1,False,Separable convolution,L2,1.9308498712998712e-05,0.011648333125395144,Seen during model building,588.4889675074359,1.6567179826625053e-05,0.009940307895975031,1.6567179826625053e-05,0.009940307895975031,1.6712442821823804e-05,0.010027465693094283,1.6712442821823804e-05,0.010027465693094283
blackwell/unseen_cuda_samples_separable_convolution/large/c2,False,Separable convolution,L2,1.9294661518661516e-05,0.011685845482794943,Seen during model building,590.2690126570519,1.6566451507472266e-05,0.00993987090448336,1.6566451507472266e-05,0.00993987090448336,1.6711714502671014e-05,0.010027028701602608,1.6711714502671014e-05,0.010027028701602608
blackwell/unseen_cuda_samples_separable_convolution/medium/c1,False,Separable convolution,L2,7.462529147982063e-06,0.004023865567551662,Seen during model building,531.105328853144,6.354517196054346e-06,0.0038127103176326073,6.354517196054346e-06,0.0038127103176326073,6.471550286217929e-06,0.0038829301717307574,6.471550286217929e-06,0.0038829301717307574
blackwell/unseen_cuda_samples_separable_convolution/medium/c2,False,Separable convolution,L2,7.349883161512027e-06,0.003993204733471478,Seen during model building,535.8268332751951,6.354153681350757e-06,0.0038124922088104544,6.354153681350757e-06,0.0038124922088104544,6.471186771514341e-06,0.0038827120629086045,6.471186771514341e-06,0.0038827120629086045
blackwell/unseen_cuda_samples_separable_convolution/small/c1,False,Separable convolution,L2,2.98475998003992e-06,0.000858218703882847,Seen during model building,285.6122719581134,2.4168099136014046e-06,0.0007836108570150357,2.4168099136014046e-06,0.0007836108570150357,2.818071003816767e-06,0.0008388008788934207,2.818071003816767e-06,0.0008388008788934207
blackwell/unseen_cuda_samples_separable_convolution/small/c2,False,Separable convolution,L2,2.9862363020522014e-06,0.0008528602195835704,Seen during model building,283.8976221399351,2.4168099136014046e-06,0.0007832283871257786,2.4168099136014046e-06,0.0007832283871257786,2.818071003816767e-06,0.0008384184090041637,2.818071003816767e-06,0.0008384184090041637
blackwell/unseen_cuda_samples_separable_convolution/xlarge/c1,False,Separable convolution,DRAM,0.00027005192105263156,0.1364568594256589,Seen during model building,505.227221420962,0.0002750205678699452,0.14583252262297045,0.0002750205678699452,0.14583252262297045,0.0002750205678699452,0.14583252262297045,0.0002750205678699452,0.14583252262297045
blackwell/unseen_cuda_samples_separable_convolution/xlarge/c2,False,Separable convolution,DRAM,0.00026848252631578946,0.13609283540778247,Seen during model building,506.95765014313287,0.0002750205678699452,0.14582640310474232,0.0002750205678699452,0.14582640310474232,0.0002750205678699452,0.14582640310474232,0.0002750205678699452,0.14582640310474232
blackwell/fresh_e_cuda_samples_fast_walsh_transform/large/c1,False,Fast Walsh transform,L2,7.533261691542288e-05,0.04376222237726595,Predicted before measurement,571.4233237106047,7.983714182003873e-05,0.04790228509202324,7.983714182003873e-05,0.04790228509202324,8.001435618548236e-05,0.04800861371128942,8.001435618548236e-05,0.04800861371128942
blackwell/fresh_e_cuda_samples_fast_walsh_transform/large/c2,False,Fast Walsh transform,L2,7.183794285714286e-05,0.042582524290645525,Predicted before measurement,583.4577551172202,7.679275567573846e-05,0.046075653405443076,7.679275567573846e-05,0.046075653405443076,7.695460741797492e-05,0.046172764450784956,7.695460741797492e-05,0.046172764450784956
blackwell/fresh_e_cuda_samples_fast_walsh_transform/medium/c1,False,Fast Walsh transform,L2,3.895040697674419e-05,0.021802063399743,Predicted before measurement,551.4470512170424,4.119742783786922e-05,0.02446422886093919,4.119742783786922e-05,0.02446422886093919,4.127835370898747e-05,0.024475359520518332,4.127835370898747e-05,0.024475359520518332
blackwell/fresh_e_cuda_samples_fast_walsh_transform/medium/c2,False,Fast Walsh transform,L2,3.589375119047619e-05,0.02024192531691119,Predicted before measurement,555.0416497584175,3.7855320910019365e-05,0.02230315822578812,3.7855320910019365e-05,0.02230315822578812,3.794392809274118e-05,0.022315345383905977,3.794392809274118e-05,0.022315345383905977
blackwell/fresh_e_cuda_samples_fast_walsh_transform/small/c1,False,Fast Walsh transform,L2,5.680018095238096e-06,0.0014372658017939,Predicted before measurement,250.30894965682478,6.263147629988089e-06,0.0017546187393594308,6.263147629988089e-06,0.0017546187393594308,6.3694650090417005e-06,0.001769241783106015,6.3694650090417005e-06,0.001769241783106015
blackwell/fresh_e_cuda_samples_fast_walsh_transform/small/c2,False,Fast Walsh transform,L2,4.994195448460509e-06,0.0012687999260771487,Predicted before measurement,250.96956996671608,6.121253618125864e-06,0.0016287654043623638,6.121253618125864e-06,0.0016287654043623638,6.121253618125864e-06,0.0016287654043623638,6.121253618125864e-06,0.0016287654043623638
blackwell/fresh_e_cuda_samples_fast_walsh_transform/xlarge/c1,False,Fast Walsh transform,DRAM,0.0032279778,1.2379182383341538,Predicted before measurement,379.70854109573065,0.00333642609786626,1.4292924439264123,0.00333642609786626,1.4292924439264123,0.0033364798358491987,1.4292998351251265,0.0033364798358491987,1.4292998351251265
blackwell/fresh_e_cuda_samples_fast_walsh_transform/xlarge/c2,False,Fast Walsh transform,DRAM,0.002921752,1.1164815502998726,Predicted before measurement,382.08350125582496,0.0029912003709044676,1.288196570587381,0.0029912003709044676,1.288196570587381,0.0029914555771702097,1.2882316720206703,0.0029914555771702097,1.2882316720206703
blackwell/fresh_e_cuda_samples_scalar_product/large/c1,False,Scalar product,L2,1.020424812542604e-05,0.004519541927144859,Predicted before measurement,437.4466963215427,9.15887901925875e-06,0.0038725041008064905,9.15887901925875e-06,0.0038725041008064905,9.15887901925875e-06,0.0038725041008064905,9.15887901925875e-06,0.0038725041008064905
blackwell/fresh_e_cuda_samples_scalar_product/large/c2,False,Scalar product,L2,7.73879063146998e-06,0.004319073612027715,Predicted before measurement,550.0595532948892,6.395360150432064e-06,0.0034968162441834246,6.395360150432064e-06,0.0034968162441834246,6.42442627122213e-06,0.00350081403983678,6.42442627122213e-06,0.00350081403983678
blackwell/fresh_e_cuda_samples_scalar_product/medium/c1,False,Scalar product,L2,7.412144873699851e-06,0.003131305755745444,Predicted before measurement,418.21783148589606,6.507222441685892e-06,0.0026793719666262463,6.507222441685892e-06,0.0026793719666262463,6.507222441685892e-06,0.0026793719666262463,6.507222441685892e-06,0.0026793719666262463
blackwell/fresh_e_cuda_samples_scalar_product/medium/c2,False,Scalar product,L2,5.533398558758315e-06,0.003019820513592173,Predicted before measurement,538.0513809715553,4.5899769892093225e-06,0.0024200817610647144,4.5899769892093225e-06,0.0024200817610647144,4.619043109999387e-06,0.002424079556718069,4.619043109999387e-06,0.002424079556718069
blackwell/fresh_e_cuda_samples_scalar_product/small/c1,False,Scalar product,L2,3.899985393844548e-06,0.001103707980531346,Predicted before measurement,281.6968766818871,3.64807338380308e-06,0.0010650428779411334,3.64807338380308e-06,0.0010650428779411334,3.64807338380308e-06,0.0010650428779411334,3.64807338380308e-06,0.0010650428779411334
blackwell/fresh_e_cuda_samples_scalar_product/small/c2,False,Scalar product,L2,2.645900709219858e-06,0.0010956265219045185,Predicted before measurement,409.0947133595426,1.8819035401174147e-06,0.0008265318267949608,1.8819035401174147e-06,0.0008265318267949608,1.9109696609074807e-06,0.000830529622448316,1.9109696609074807e-06,0.000830529622448316
blackwell/fresh_e_cuda_samples_scalar_product/xlarge/c1,False,Scalar product,DRAM,0.00016740443888888887,0.0660156804201156,Predicted before measurement,394.24105780706594,0.00024295769921920093,0.08000193982408722,0.00024295769921920093,0.08000193982408722,0.00024295769921920093,0.08000193982408722,0.00024295769921920093,0.08000193982408722
blackwell/fresh_e_cuda_samples_scalar_product/xlarge/c2,False,Scalar product,DRAM,0.00016632670967741935,0.06608796784514745,Predicted before measurement,397.4455067311673,0.00016548075913301418,0.06935006159629709,0.00016548075913301418,0.06935006159629709,0.0001655371141634558,0.06935781274745245,0.0001655371141634558,0.06935781274745245
blackwell/fresh_d_cuda_samples_copy/dram/c1,False,Copy,DRAM,0.000139928223,0.05814511677308866,Seen during model building,415.4787648118403,0.0001431328,0.05965264613268534,0.0001431328,0.05965264613268534,0.0001431328,0.05965264613268534,0.0001431328,0.05965264613268534
blackwell/fresh_d_cuda_samples_copy/dram/c2,False,Copy,DRAM,0.00013833750899999999,0.059404242154439076,Seen during model building,429.28383672375196,0.0001438540252917157,0.062496910325872054,0.0001438540252917157,0.062496910325872054,0.0001438540252917157,0.062496910325872054,0.0001438540252917157,0.062496910325872054
blackwell/fresh_d_cuda_samples_copy/l2/c1,False,Copy,L2,3.1943989354838713e-06,0.001913487307125863,Seen during model building,591.7904360303343,3.0863e-06,0.0016873802315932607,3.0863e-06,0.0016873802315932607,3.0863e-06,0.0016873802315932607,3.0863e-06,0.0016873802315932607
blackwell/fresh_d_cuda_samples_copy/l2/c2,False,Copy,L2,3.453291e-06,0.0020763159793701362,Seen during model building,590.693852401682,3.2693612409473593e-06,0.001959614660950472,3.2693612409473593e-06,0.001959614660950472,3.2693612409473593e-06,0.001959614660950472,3.2693612409473593e-06,0.001959614660950472
blackwell/fresh_d_cuda_samples_reduce2/dram/c1,False,Reduce2,DRAM,0.00018603581199999998,0.1061034800989274,Seen during model building,561.8585709023362,0.00017240265209380584,0.09091321054333037,0.00017240265209380584,0.09091321054333037,0.0001724086549811541,0.09091403618900637,0.0001724086549811541,0.09091403618900637
blackwell/fresh_d_cuda_samples_reduce2/l2/c1,False,Reduce2,L2,2.256152725e-05,0.009725516050468383,Seen during model building,424.6265942529149,1.572757303405065e-05,0.0073539620843668645,1.572757303405065e-05,0.0073539620843668645,1.5749120829173972e-05,0.007356925798799402,1.5749120829173972e-05,0.007356925798799402
blackwell/fresh_d_cuda_samples_reduction/dram/c1,False,Reductions (reduce0/1/6),DRAM,0.00018840121500000002,0.11339993375830942,Seen during model building,584.7694932832331,0.00019824928850095802,0.09785375614517006,0.00019824928850095802,0.09785375614517006,0.00019827544983963595,0.09785735441295433,0.00019827544983963595,0.09785735441295433
blackwell/fresh_d_cuda_samples_reduction/dram/c2,False,Reductions (reduce0/1/6),DRAM,0.00020397641,0.10866041808517304,Seen during model building,528.0341739305505,0.00017624097133554415,0.1057298575944859,0.00017624097133554415,0.1057298575944859,0.00017624775513094127,0.10573079064736722,0.00017624775513094127,0.10573079064736722
blackwell/fresh_d_cuda_samples_reduction/l2/c1,False,Reductions (reduce0/1/6),L2,2.2922151500000003e-05,0.01156714250401701,Seen during model building,496.6769360925453,2.1804880622959086e-05,0.008613038928283263,2.1804880622959086e-05,0.008613038928283263,2.1839287304582366e-05,0.008617771272280366,2.1839287304582366e-05,0.008617771272280366
blackwell/fresh_d_cuda_samples_reduction/l2/c2,False,Reductions (reduce0/1/6),L2,2.1478265399999998e-05,0.009306831995068423,Seen during model building,427.21154411095915,1.6747203472146684e-05,0.009280293401567144,1.6747203472146684e-05,0.009280293401567144,1.6770908688444365e-05,0.009283553850780894,1.6770908688444365e-05,0.009283553850780894
blackwell/fresh_d_cuda_samples_reduction/l2/c3,False,Reductions (reduce0/1/6),L2,3.9388885333333334e-05,0.007433179708857861,Seen during model building,188.05684434093143,7.905191746996335e-05,0.012760023409391648,7.905191746996335e-05,0.012760023409391648,7.905191746996335e-05,0.012760023409391648,7.905191746996335e-05,0.012760023409391648
blackwell/fresh_d_cuda_samples_transpose/dram/c1,False,"Transposes (naive, coalesced, padded, diagonal)",DRAM,0.00020665123,0.10387416048150926,Seen during model building,497.28659434975646,0.0006049664587352711,0.2488975513658297,0.0006049664587352711,0.2488975513658297,0.0006049664587352711,0.2488975513658297,0.0006049664587352711,0.2488975513658297
blackwell/fresh_d_cuda_samples_transpose/dram/c2,False,"Transposes (naive, coalesced, padded, diagonal)",DRAM,0.000141445541,0.05774302008736488,Seen during model building,408.0392782121148,0.0001438540252917157,0.0627907959522726,0.0001438540252917157,0.0627907959522726,0.0001438540252917157,0.0627907959522726,0.0001438540252917157,0.0627907959522726
blackwell/fresh_d_cuda_samples_transpose/dram/c3,False,"Transposes (naive, coalesced, padded, diagonal)",DRAM,0.000140214951,0.05440514887331129,Seen during model building,387.9600782182855,0.0001438540252917157,0.0627907959522726,0.0001438540252917157,0.0627907959522726,0.0001438540252917157,0.0627907959522726,0.0001438540252917157,0.0627907959522726
blackwell/fresh_d_cuda_samples_transpose/dram/c4,False,"Transposes (naive, coalesced, padded, diagonal)",DRAM,0.000149896378,0.060086283184585046,Seen during model building,400.72317737467574,0.00014385395037354027,0.06498464715055297,0.00014385395037354027,0.06498464715055297,0.00014385395037354027,0.06498464715055297,0.00014385395037354027,0.06498464715055297
blackwell/fresh_d_cuda_samples_transpose/l2/c1,False,"Transposes (naive, coalesced, padded, diagonal)",L2,1.9958149799999998e-05,0.006767275219450384,Seen during model building,336.07570039603473,1.5173845044547623e-05,0.006495871562245278,1.5173845044547623e-05,0.006495871562245278,1.5173845044547623e-05,0.006495871562245278,1.5173845044547623e-05,0.006495871562245278
blackwell/fresh_d_cuda_samples_transpose/l2/c2,False,"Transposes (naive, coalesced, padded, diagonal)",L2,7.100756500000001e-06,0.0024495254353402805,Seen during model building,341.77262798381236,6.3048245336054745e-06,0.0024035663121149443,6.3048245336054745e-06,0.0024035663121149443,6.596782394243337e-06,0.0024437226121128384,6.596782394243337e-06,0.0024437226121128384
blackwell/fresh_d_cuda_samples_transpose/l2/c3,False,"Transposes (naive, coalesced, padded, diagonal)",L2,3.4785190344827584e-06,0.001898261234055673,Seen during model building,539.2961179322768,3.2693612409473593e-06,0.0019616167445684154,3.2693612409473593e-06,0.0019616167445684154,3.2693612409473593e-06,0.0019616167445684154,3.2693612409473593e-06,0.0019616167445684154
blackwell/fresh_d_cuda_samples_transpose/l2/c4,False,"Transposes (naive, coalesced, padded, diagonal)",L2,3.4862907586206898e-06,0.0020954863206558974,Seen during model building,591.9323936534009,3.2693612409473593e-06,0.0019616167445684154,3.2693612409473593e-06,0.0019616167445684154,3.2693612409473593e-06,0.0019616167445684154,3.2693612409473593e-06,0.0019616167445684154
blackwell/fresh_d_cuda_samples_transposefine/dram/c1,False,Fine- and coarse-grained transpose,DRAM,0.00013835971099999999,0.05499430456713262,Seen during model building,397.3835620242069,0.0001438540252917157,0.062496910325872054,0.0001438540252917157,0.062496910325872054,0.0001438540252917157,0.062496910325872054,0.0001438540252917157,0.062496910325872054
blackwell/fresh_d_cuda_samples_transposefine/dram/c2,False,Fine- and coarse-grained transpose,DRAM,0.00014020842,0.055565682751675574,Seen during model building,396.2356086081998,0.0001438540252917157,0.06259487220133891,0.0001438540252917157,0.06259487220133891,0.0001438540252917157,0.06259487220133891,0.0001438540252917157,0.06259487220133891
blackwell/fresh_d_cuda_samples_transposefine/l2/c1,False,Fine- and coarse-grained transpose,L2,3.4402218620689654e-06,0.0018483793667761186,Seen during model building,531.519209789293,3.2693612409473593e-06,0.001959614660950472,3.2693612409473593e-06,0.001959614660950472,3.2693612409473593e-06,0.001959614660950472,3.2693612409473593e-06,0.001959614660950472
blackwell/fresh_d_cuda_samples_transposefine/l2/c2,False,Fine- and coarse-grained transpose,L2,3.5111051428571427e-06,0.001849148453645177,Seen during model building,521.3593879079285,3.2693612409473593e-06,0.0019616167445684154,3.2693612409473593e-06,0.0019616167445684154,3.2693612409473593e-06,0.0019616167445684154,3.2693612409473593e-06,0.0019616167445684154
blackwell/fresh_d_cuda_samples_vector_add/dram/c1,False,Vector add,DRAM,0.00019300291399999999,0.08245452934651452,Seen during model building,427.5027321395734,0.000200095001507795,0.08444905234155313,0.000200095001507795,0.08444905234155313,0.000200095001507795,0.08444905234155313,0.000200095001507795,0.08444905234155313
blackwell/fresh_d_cuda_samples_vector_add/dram/c2,False,Vector add,DRAM,0.000193413849,0.08024064468192317,Seen during model building,414.517023627659,0.000200095001507795,0.08444905234155313,0.000200095001507795,0.08444905234155313,0.000200095001507795,0.08444905234155313,0.000200095001507795,0.08444905234155313
blackwell/fresh_d_cuda_samples_vector_add/l2/c1,False,Vector add,L2,1.1713190666666665e-05,0.004167047416783602,Seen during model building,352.18379515339376,9.498993616674806e-06,0.003754367731811281,9.498993616674806e-06,0.003754367731811281,9.498993616674806e-06,0.003754367731811281,9.498993616674806e-06,0.003754367731811281
blackwell/fresh_d_cuda_samples_vector_add/l2/c2,False,Vector add,L2,7.694301307692309e-06,0.003681317649845185,Seen during model building,472.4824662422753,5.790968749999999e-06,0.003244360710179698,5.790968749999999e-06,0.003244360710179698,5.790968749999999e-06,0.003244360710179698,5.790968749999999e-06,0.003244360710179698
blackwell/fresh_f_ml_fp32_matmul/large/c1,False,FP32 matrix multiply,DRAM,0.0014892507083333333,1.0929957329180864,Predicted before measurement,586.1662555451079,0.0017295558444143612,1.0377335066486166,0.0017295558444143612,1.0377335066486166,0.0017415227959550442,1.0449136775730266,0.0017415227959550442,1.0449136775730266
blackwell/fresh_f_ml_fp32_matmul/large/c2,False,FP32 matrix multiply,DRAM,0.0018889831296296294,1.1531438730738004,Predicted before measurement,587.6777984456031,0.0024730553372918347,1.201085627852428,0.0024730553372918347,1.201085627852428,0.0024798861315357902,1.20202514502208,0.0024798861315357902,1.20202514502208
blackwell/fresh_f_ml_fp32_matmul/medium/c1,False,FP32 matrix multiply,L2,0.00013591212702702702,0.08208220298400662,Predicted before measurement,589.3601449265149,9.422149795043528e-05,0.05653289877026117,9.422149795043528e-05,0.05653289877026117,0.0001297970598962985,0.06439980665070044,0.0001297970598962985,0.06439980665070044
blackwell/fresh_f_ml_fp32_matmul/medium/c2,False,FP32 matrix multiply,L2,0.00022790203181818184,0.08309583769702725,Predicted before measurement,360.2634005482907,0.00023107954460138168,0.06355970143977258,0.00023107954460138168,0.06355970143977258,0.00023107954460138168,0.06355970143977258,0.00023107954460138168,0.06355970143977258
blackwell/fresh_f_ml_fp32_matmul/small/c1,False,FP32 matrix multiply,L2,2.17311512987013e-05,0.007215975195766487,Predicted before measurement,328.30884470651625,2.4344085594475022e-05,0.006435744942900479,2.4344085594475022e-05,0.006435744942900479,2.4344085594475022e-05,0.006435744942900479,2.4344085594475022e-05,0.006435744942900479
blackwell/fresh_f_ml_fp32_matmul/small/c2,False,FP32 matrix multiply,L2,6.580402666666666e-05,0.01155264792040609,Predicted before measurement,174.44013036872173,6.697249342885695e-05,0.011520967257715675,6.697249342885695e-05,0.011520967257715675,6.697249342885695e-05,0.011520967257715675,6.697249342885695e-05,0.011520967257715675
blackwell/fresh_f_ml_fp32_matmul/xlarge/c1,False,FP32 matrix multiply,DRAM,0.002917512888888889,2.1275002631422493,Predicted before measurement,586.0339527421268,0.0031761961030175373,1.9057176618105223,0.0031761961030175373,1.9057176618105223,0.0032000740895175113,1.9200444537105068,0.0032000740895175113,1.9200444537105068
blackwell/fresh_f_ml_fp32_matmul/xlarge/c2,False,FP32 matrix multiply,DRAM,0.003347188,2.060991104818329,Predicted before measurement,584.922073365488,0.003633250114213743,1.8456374390562973,0.003633250114213743,1.8456374390562973,0.003649105108753237,1.847818157588081,0.003649105108753237,1.847818157588081
blackwell/fresh_f_ml_gelu/large/c1,False,GELU,DRAM,0.0003635875428571429,0.1646866920530223,Predicted before measurement,452.3445072683723,0.0003651715,0.15995905283643289,0.0003651715,0.15995905283643289,0.0003651715,0.15995905283643289,0.0003651715,0.15995905283643289
blackwell/fresh_f_ml_gelu/large/c2,False,GELU,DRAM,0.0003650110785714286,0.1570623942034268,Predicted before measurement,430.647277652377,0.0003651715,0.15544162055792726,0.0003651715,0.15544162055792726,0.0003651715,0.15544162055792726,0.0003651715,0.15544162055792726
blackwell/fresh_f_ml_gelu/medium/c1,False,GELU,L2,7.973849024936063e-06,0.004395779585958261,Predicted before measurement,543.2984910166166,6.59931108939912e-06,0.003616559226396689,6.59931108939912e-06,0.003616559226396689,6.59931108939912e-06,0.003616559226396689,6.59931108939912e-06,0.003616559226396689
blackwell/fresh_f_ml_gelu/medium/c2,False,GELU,L2,4.749910383275261e-06,0.002932738386415271,Predicted before measurement,591.9939209702628,4.8643e-06,0.00291858,4.8643e-06,0.00291858,4.8643e-06,0.00291858,4.8643e-06,0.00291858
blackwell/fresh_f_ml_gelu/small/c1,False,GELU,L2,2.371738842431645e-06,0.001203898957818872,Predicted before measurement,501.1476615120289,2.249787298485589e-06,0.0009866590943671673,2.249787298485589e-06,0.0009866590943671673,2.249787298485589e-06,0.0009866590943671673,2.249787298485589e-06,0.0009866590943671673
blackwell/fresh_f_ml_gelu/small/c2,False,GELU,L2,1.7154685613386026e-06,0.0010391874421341815,Predicted before measurement,592.4900463898607,1.8163000000000003e-06,0.0008564517545507327,1.8163000000000003e-06,0.0008564517545507327,1.8163000000000003e-06,0.0008564517545507327,1.8163000000000003e-06,0.0008564517545507327
blackwell/fresh_f_ml_gelu/xlarge/c1,False,GELU,DRAM,0.0007225220785714286,0.32696719855000644,Predicted before measurement,452.18963152845464,0.0007295427,0.31980803127097057,0.0007295427,0.31980803127097057,0.0007295427,0.31980803127097057,0.0007295427,0.31980803127097057
blackwell/fresh_f_ml_gelu/xlarge/c2,False,GELU,DRAM,0.0007281421642857142,0.31217880627280253,Predicted before measurement,428.7390491436162,0.0007295427,0.3107731667139593,0.0007295427,0.3107731667139593,0.0007295427,0.3107731667139593,0.0007295427,0.3107731667139593
blackwell/fresh_f_ml_rmsnorm/large/c1,False,RMSNorm,DRAM,0.0003665722178571429,0.16768646382799962,Predicted before measurement,457.2663592924623,0.0003653318193780448,0.17052720148663758,0.0003653318193780448,0.17052720148663758,0.0003653318193780448,0.17052720148663758,0.0003653318193780448,0.17052720148663758
blackwell/fresh_f_ml_rmsnorm/large/c2,False,RMSNorm,DRAM,0.00040269687307692306,0.16518719468306514,Predicted before measurement,422.19835372192955,0.00036523887077656564,0.170857588789145,0.00036523887077656564,0.170857588789145,0.00036523887077656564,0.170857588789145,0.00036523887077656564,0.170857588789145
blackwell/fresh_f_ml_rmsnorm/medium/c1,False,RMSNorm,L2,6.185792060491493e-06,0.0038044337874142916,Predicted before measurement,592.5485292537878,5.311127206005954e-06,0.0031866763236035726,5.311127206005954e-06,0.0031866763236035726,5.311127206005954e-06,0.0031866763236035726,5.311127206005954e-06,0.0031866763236035726
blackwell/fresh_f_ml_rmsnorm/medium/c2,False,RMSNorm,L2,6.690910940803383e-06,0.0037422107705081344,Predicted before measurement,553.0183245410506,5.5239525377026495e-06,0.0033143715226215897,5.5239525377026495e-06,0.0033143715226215897,5.5239525377026495e-06,0.0033143715226215897,5.5239525377026495e-06,0.0033143715226215897
blackwell/fresh_f_ml_rmsnorm/small/c1,False,RMSNorm,L2,2.4044371593533487e-06,0.001453171436519615,Predicted before measurement,592.0290871784781,1.9140373875405968e-06,0.001148422432524358,1.9140373875405968e-06,0.001148422432524358,1.9140373875405968e-06,0.001148422432524358,1.9140373875405968e-06,0.001148422432524358
blackwell/fresh_f_ml_rmsnorm/small/c2,False,RMSNorm,L2,2.746180017249744e-06,0.001222057555389766,Predicted before measurement,440.3993537349098,2.0977870011884964e-06,0.0011488193298021534,2.0977870011884964e-06,0.0011488193298021534,2.0977870011884964e-06,0.0011488193298021534,2.0977870011884964e-06,0.0011488193298021534
blackwell/fresh_f_ml_rmsnorm/xlarge/c1,False,RMSNorm,DRAM,0.00073594535,0.3360350432901308,Predicted before measurement,455.91776994441864,0.0007298531671176623,0.34094090346468037,0.0007298531671176623,0.34094090346468037,0.0007298531671176623,0.34094090346468037,0.0007298531671176623,0.34094090346468037
blackwell/fresh_f_ml_rmsnorm/xlarge/c2,False,RMSNorm,DRAM,0.0008144187936507937,0.32985831979769054,Predicted before measurement,419.494914315981,0.0007296601200222825,0.3416006946633077,0.0007296601200222825,0.3416006946633077,0.0007296601200222825,0.3416006946633077,0.0007296601200222825,0.3416006946633077
blackwell/fresh_f_ml_rotary_embedding/large/c1,False,Rotary embedding,DRAM,0.0003655750821428571,0.152686286916782,Predicted before measurement,417.8394296182222,0.0003664735094926031,0.15646004744374314,0.0003664735094926031,0.15646004744374314,0.0003664735094926031,0.15646004744374314,0.0003664735094926031,0.15646004744374314
blackwell/fresh_f_ml_rotary_embedding/large/c2,False,Rotary embedding,DRAM,0.0003657657071428572,0.16914126055717404,Predicted before measurement,462.4624568958256,0.0003664735094926031,0.16789644111076224,0.0003664735094926031,0.16789644111076224,0.0003664735094926031,0.16789644111076224,0.0003664735094926031,0.16789644111076224
blackwell/fresh_f_ml_rotary_embedding/medium/c1,False,Rotary embedding,L2,5.046745562130177e-06,0.0031214829882165772,Predicted before measurement,591.781384998839,4.846418306658476e-06,0.0029078509839950855,4.846418306658476e-06,0.0029078509839950855,4.846418306658476e-06,0.0029078509839950855,4.846418306658476e-06,0.0029078509839950855
blackwell/fresh_f_ml_rotary_embedding/medium/c2,False,Rotary embedding,L2,1.5288139380196522e-05,0.005773293861667126,Predicted before measurement,373.2337241005553,1.2398676143950495e-05,0.0048828977278764195,1.2398676143950495e-05,0.0048828977278764195,1.2398676143950495e-05,0.0048828977278764195,1.2398676143950495e-05,0.0048828977278764195
blackwell/fresh_f_ml_rotary_embedding/small/c1,False,Rotary embedding,L2,1.2675184670472756e-06,0.0005738925139782163,Predicted before measurement,448.47151657716927,1.3060647883323095e-06,0.00048748695463359545,1.3060647883323095e-06,0.00048748695463359545,1.3060647883323095e-06,0.00048748695463359545,1.3060647883323095e-06,0.00048748695463359545
blackwell/fresh_f_ml_rotary_embedding/small/c2,False,Rotary embedding,L2,2.1942860766629085e-06,0.0009854802040910422,Predicted before measurement,445.1042831238154,2.249787298485589e-06,0.0007066347183805467,2.249787298485589e-06,0.0007066347183805467,2.249787298485589e-06,0.0007066347183805467,2.249787298485589e-06,0.0007066347183805467
blackwell/fresh_f_ml_rotary_embedding/xlarge/c1,False,Rotary embedding,DRAM,0.0007278905071428571,0.3013762135908883,Predicted before measurement,413.86398864293227,0.0007308446894113912,0.3123715985954847,0.0007308446894113912,0.3123715985954847,0.0007308446894113912,0.3123715985954847,0.0007308446894113912,0.3123715985954847
blackwell/fresh_f_ml_rotary_embedding/xlarge/c2,False,Rotary embedding,DRAM,0.0007318002428571428,0.3400142209161713,Predicted before measurement,464.54156898439464,0.0007308446894113912,0.33524438592952294,0.0007308446894113912,0.33524438592952294,0.0007308446894113912,0.33524438592952294,0.0007308446894113912,0.33524438592952294
blackwell/fresh_f_ml_swiglu/large/c1,False,SwiGLU gate,DRAM,0.0002633785625,0.11314807655871041,Predicted before measurement,428.54933572521037,0.00026652656867706,0.113407997203123,0.00026652656867706,0.113407997203123,0.00026652656867706,0.113407997203123,0.00026652656867706,0.113407997203123
blackwell/fresh_f_ml_swiglu/large/c2,False,SwiGLU gate,DRAM,0.00026455377368421056,0.10975504996484874,Predicted before measurement,414.3591221262894,0.00026652656867706,0.11096286879147038,0.00026652656867706,0.11096286879147038,0.00026652656867706,0.11096286879147038,0.00026652656867706,0.11096286879147038
blackwell/fresh_f_ml_swiglu/medium/c1,False,SwiGLU gate,L2,4.275888874958208e-06,0.0025723747425784463,Predicted before measurement,591.2944496423652,3.6996285621234324e-06,0.002193632608733651,3.6996285621234324e-06,0.002193632608733651,3.6996285621234324e-06,0.002193632608733651,3.6996285621234324e-06,0.002193632608733651
blackwell/fresh_f_ml_swiglu/medium/c2,False,SwiGLU gate,L2,2.9437921955806303e-06,0.0018056558468863575,Predicted before measurement,592.432895792378,3.007755076301066e-06,0.0018046530457806395,3.007755076301066e-06,0.0018046530457806395,3.007755076301066e-06,0.0018046530457806395,3.007755076301066e-06,0.0018046530457806395
blackwell/fresh_f_ml_swiglu/small/c1,False,SwiGLU gate,L2,1.4390675838694854e-06,0.0007615991772393895,Predicted before measurement,523.142342079398,1.5248666666666666e-06,0.0006309274399514078,1.5248666666666666e-06,0.0006309274399514078,1.5248666666666666e-06,0.0006309274399514078,1.5248666666666666e-06,0.0006309274399514078
blackwell/fresh_f_ml_swiglu/small/c2,False,SwiGLU gate,L2,1.3550199110243055e-06,0.0006256952153481541,Predicted before measurement,457.192070416413,1.3521637690752666e-06,0.0005689685059978549,1.3521637690752666e-06,0.0005689685059978549,1.3521637690752666e-06,0.0005689685059978549,1.3521637690752666e-06,0.0005689685059978549
blackwell/fresh_f_ml_swiglu/xlarge/c1,False,SwiGLU gate,DRAM,0.0005297613421052632,0.22568415673030207,Predicted before measurement,425.8958977917339,0.00053225283735412,0.2267059200043508,0.00053225283735412,0.2267059200043508,0.00053225283735412,0.2267059200043508,0.00053225283735412,0.2267059200043508
blackwell/fresh_f_ml_swiglu/xlarge/c2,False,SwiGLU gate,DRAM,0.000530841947368421,0.21693098139882913,Predicted before measurement,408.57331555494426,0.00053225283735412,0.22181566318104556,0.00053225283735412,0.22181566318104556,0.00053225283735412,0.22181566318104556,0.00053225283735412,0.22181566318104556
blackwell/fresh_g_ml_tensor_matmul/large/c1,False,Tensor-core matrix multiply,DRAM,0.0002964069588235294,0.20678954094321317,Predicted before measurement,584.400322721255,0.000332703971027581,0.1996223826165486,0.0003418365595019376,0.20510193570116256,0.00033335092361779997,0.20001055417067998,0.00034257269752647655,0.20554361851588593
blackwell/fresh_g_ml_tensor_matmul/large/c2,False,Tensor-core matrix multiply,DRAM,0.0003689395357142857,0.2660357921222439,Predicted before measurement,585.8156237640399,0.0004294700131396918,0.25768200788381507,0.00043372612512152447,0.2602356750729147,0.00042998719071985,0.25799231443191,0.00043428486629525537,0.26057091977715324
blackwell/fresh_g_ml_tensor_matmul/medium/c1,False,Tensor-core matrix multiply,L2,5.67415625e-05,0.017761470901323826,Predicted before measurement,309.1572789278958,4.485804301142583e-05,0.014699229681685959,5.0735747400858205e-05,0.015507657515227827,4.485804301142583e-05,0.014699229681685959,5.0735747400858205e-05,0.015507657515227827
blackwell/fresh_g_ml_tensor_matmul/medium/c2,False,Tensor-core matrix multiply,L2,3.20548673015873e-05,0.019525572983624506,Predicted before measurement,592.1352416444576,2.0296980810224376e-05,0.012178188486134625,2.1743264210656668e-05,0.013045958526394001,2.3777041023840466e-05,0.014266224614304279,2.76129722280011e-05,0.016434357549051336
blackwell/fresh_g_ml_tensor_matmul/small/c1,False,Tensor-core matrix multiply,L2,1.5605209338280767e-05,0.0026109834293719094,Predicted before measurement,166.7524063529424,1.2656397275317009e-05,0.0023321721020488654,1.412582337267512e-05,0.002534279060434335,1.2656397275317009e-05,0.0023321721020488654,1.412582337267512e-05,0.002534279060434335
blackwell/fresh_g_ml_tensor_matmul/small/c2,False,Tensor-core matrix multiply,L2,7.508703519061584e-06,0.0019118604661395944,Predicted before measurement,252.92368086780974,7.544834683583328e-06,0.0018873487767852304,8.080733569409707e-06,0.001961057072841262,7.544834683583328e-06,0.0018873487767852304,8.080733569409707e-06,0.001961057072841262
blackwell/fresh_g_ml_tensor_matmul/xlarge/c1,False,Tensor-core matrix multiply,DRAM,0.0005400394263157895,0.37430019773527606,Predicted before measurement,583.4664362124987,0.0005174882463821399,0.31049294782928394,0.0005357534233308534,0.321452053998512,0.0005187821515625784,0.31126929093754707,0.000537225699379931,0.32233541962795864
blackwell/fresh_g_ml_tensor_matmul/xlarge/c2,False,Tensor-core matrix multiply,DRAM,0.0006818858684210526,0.4890818917237152,Predicted before measurement,583.8564858829766,0.0007169542868175622,0.43017257209053733,0.0007254665107812278,0.43527990646873665,0.0007179886419778788,0.43079318518672727,0.0007265839931286894,0.4359503958772136
blackwell/fresh_h_ml_fused_attention/large/c1,False,Fused attention,DRAM,0.00126105805,0.8445618575060362,Predicted before measurement,576.3841262434187,0.0011065134505050737,0.6639080703030442,0.001332298233692935,0.799378940215761,0.0011167224858577248,0.6700334915146349,0.0013447121985689058,0.8068273191413434
blackwell/fresh_h_ml_fused_attention/large/c2,False,Fused attention,DRAM,0.0010802078210526316,0.7107683348290839,Predicted before measurement,575.1475762240051,0.0008427613125233078,0.5056567875139847,0.0010685460957111695,0.6411276574267017,0.0008503564333096287,0.5102138599857772,0.0010783461460208096,0.6470076876124857
blackwell/fresh_h_ml_fused_attention/medium/c1,False,Fused attention,L2,8.931950850340136e-05,0.057122769893796534,Predicted before measurement,589.7503493687982,6.861492628912639e-05,0.04116895577347583,8.272647523836784e-05,0.049635885143020704,7.520386556420338e-05,0.045122319338522024,9.074861870360214e-05,0.05444917122216128
blackwell/fresh_h_ml_fused_attention/medium/c2,False,Fused attention,L2,7.522525757575757e-05,0.04767427609952351,Predicted before measurement,589.8790071737577,5.1956982961981025e-05,0.031174189777188614,6.606853191122243e-05,0.03964111914673346,5.68691622950289e-05,0.03412149737701734,7.241391543442762e-05,0.04344834926065657
blackwell/fresh_h_ml_fused_attention/small/c1,False,Fused attention,L2,1.1700451119232527e-05,0.004893730470520493,Predicted before measurement,413.0692699229971,7.3532349299858525e-06,0.003805788358816126,9.3532494854561e-06,0.004080873209465983,7.3532349299858525e-06,0.003805788358816126,9.3532494854561e-06,0.004080873209465983
blackwell/fresh_h_ml_fused_attention/small/c2,False,Fused attention,L2,1.5324995629897528e-05,0.004629124440877983,Predicted before measurement,300.50403490799533,1.0988702103518655e-05,0.0037910198715530065,1.4462460165107853e-05,0.004268805503138734,1.0988702103518655e-05,0.0037910198715530065,1.4462460165107853e-05,0.004268805503138734
blackwell/fresh_h_ml_fused_attention/xlarge/c1,False,Fused attention,DRAM,0.002510443125,1.6826166147904302,Predicted before measurement,573.3474021595365,,,,,,,,
blackwell/fresh_h_ml_fused_attention/xlarge/c2,False,Fused attention,DRAM,0.0021449419583333333,1.4085789594463618,Predicted before measurement,571.1273577198789,,,,,,,,
blackwell/validation_fp32_matmul/v1/c1,True,fp32_matmul,L2,9.889984159378037e-05,0.06964114978773389,"validation (prospective for the current model, retrospective for these rules)",,9.252014828691068e-05,0.055512088972146406,9.252014828691068e-05,0.055512088972146406,0.00010029866678835399,0.0601792000730124,0.00010029866678835399,0.0601792000730124
blackwell/validation_fp32_matmul/v1/c2,True,fp32_matmul,L2,0.00014423940428571428,0.07139511530972005,"validation (prospective for the current model, retrospective for these rules)",,9.172494257669547e-05,0.04956758117307677,9.172494257669547e-05,0.04956758117307677,0.00011551990562333883,0.05284037428250778,0.00011551990562333883,0.05284037428250778
blackwell/validation_rmsnorm/v6/c1,True,rmsnorm,DRAM,0.00017113926,0.08069082802164909,"validation (prospective for the current model, retrospective for these rules)",,0.00017171576561705073,0.08107051055491435,0.00017171576561705073,0.08107051055491435,0.00017171576561705073,0.08107051055491435,0.00017171576561705073,0.08107051055491435
blackwell/validation_rmsnorm/v6/c2,True,rmsnorm,DRAM,0.0001719192,0.07754952027980164,"validation (prospective for the current model, retrospective for these rules)",,0.0001716485566282889,0.08048812506139671,0.0001716485566282889,0.08048812506139671,0.0001716485566282889,0.08048812506139671,0.0001716485566282889,0.08048812506139671
blackwell/validation_scalar_product/v4/c1,True,scalar_product,DRAM,0.00015916533333333333,0.0635672794515424,"validation (prospective for the current model, retrospective for these rules)",,0.00022828266330475992,0.07526328386987846,0.00022828266330475992,0.07526328386987846,0.00022828266330475992,0.07526328386987846,0.00022828266330475992,0.07526328386987846
blackwell/validation_scalar_product/v4/c2,True,scalar_product,DRAM,0.00015653166145833335,0.0627890424437511,"validation (prospective for the current model, retrospective for these rules)",,0.00015539282067688018,0.06524232156006673,0.00015539282067688018,0.06524232156006673,0.00015547646461697333,0.06525382606672414,0.00015547646461697333,0.06525382606672414
blackwell/validation_separable_convolution/v5/c1,True,separable_convolution,DRAM,0.00015617883333333334,0.08750581149690713,"validation (prospective for the current model, retrospective for these rules)",,0.0002009690584508692,0.10639017113754089,0.0002009690584508692,0.10639017113754089,0.0002009690584508692,0.10639017113754089,0.0002009690584508692,0.10639017113754089
blackwell/validation_separable_convolution/v5/c2,True,separable_convolution,DRAM,0.00015452848484848484,0.08764692614044134,"validation (prospective for the current model, retrospective for these rules)",,0.0002009690584508692,0.1063855814988698,0.0002009690584508692,0.1063855814988698,0.0002009690584508692,0.1063855814988698,0.0002009690584508692,0.1063855814988698
blackwell/validation_tensor_matmul/v2/c1,True,tensor_matmul,DRAM,0.00023168756363636364,0.16062825095942165,"validation (prospective for the current model, retrospective for these rules)",,0.00025097852603890765,0.1505871156233446,0.0002578279673946752,0.15469678043680513,0.0002529840790685869,0.15179044744115214,0.00026010999527074604,0.15606599716244762
blackwell/validation_tensor_matmul/v2/c2,True,tensor_matmul,DRAM,0.00028420986666666666,0.20457310386575872,"validation (prospective for the current model, retrospective for these rules)",,0.0003234844186557447,0.19409065119344682,0.00032667650264211925,0.19600590158527156,0.00032387230184086334,0.194323381104518,0.00032709555852241735,0.19625733511345042
blackwell/validation_fused_attention/v3/c1,True,fused_attention,DRAM,0.0007163438,0.48779703224060594,"validation (prospective for the current model, retrospective for these rules)",,0.0006319022269327891,0.3791413361596735,0.0007589061674759615,0.45534370048557693,0.0006376312707501517,0.38257876245009104,0.0007658754841501914,0.4595252904901148
blackwell/validation_fused_attention/v3/c2,True,fused_attention,DRAM,0.0006341693875,0.4136296789217562,"validation (prospective for the current model, retrospective for these rules)",,0.00048419253125790566,0.2905155187547434,0.0006111964718010781,0.36671788308064684,0.0005018217976814903,0.30109307860889417,0.0006339521993663794,0.3803713196198277
