2026/10/02 22:34:42.882, 59.11 W, 59.11 W, 472 MHz, 0 %
2026/10/02 22:34:43.386, 59.11 W, 59.11 W, 472 MHz, 0 %
2026/10/02 22:34:43.886, 58.03 W, 45.84 W, 187 MHz, 0 %
2026/10/02 22:34:44.387, 56.43 W, 105.56 W, 1695 MHz, 2 %
2026/10/02 22:34:44.887, 83.47 W, 127.07 W, 2835 MHz, 0 %
2026/10/02 22:34:45.387, 115.45 W, 127.16 W, 2835 MHz, 0 %
2026/10/02 22:34:45.887, 115.45 W, 127.16 W, 2835 MHz, 0 %
2026/10/02 22:34:46.387, 126.78 W, 126.74 W, 2835 MHz, 0 %
2026/10/02 22:34:46.888, 126.78 W, 126.74 W, 2835 MHz, 0 %
2026/10/02 22:34:47.388, 126.47 W, 126.47 W, 2835 MHz, 0 %
2026/10/02 22:34:47.888, 126.47 W, 126.47 W, 2835 MHz, 0 %
2026/10/02 22:34:48.388, 126.46 W, 126.44 W, 2835 MHz, 0 %
2026/10/02 22:34:48.888, 126.46 W, 126.44 W, 2835 MHz, 0 %
2026/10/02 22:34:49.389, 126.48 W, 126.52 W, 2835 MHz, 0 %
2026/10/02 22:34:49.889, 126.48 W, 126.52 W, 2835 MHz, 0 %
2026/10/02 22:34:50.389, 132.60 W, 193.74 W, 2835 MHz, 34 %
2026/10/02 22:34:50.889, 205.21 W, 365.93 W, 2812 MHz, 100 %
2026/10/02 22:34:51.389, 350.10 W, 367.75 W, 2812 MHz, 100 %
2026/10/02 22:34:51.890, 367.10 W, 367.61 W, 2812 MHz, 100 %
2026/10/02 22:34:52.390, 367.76 W, 368.71 W, 2812 MHz, 100 %
2026/10/02 22:34:52.890, 368.32 W, 368.30 W, 2812 MHz, 100 %
2026/10/02 22:34:53.390, 368.69 W, 368.63 W, 2812 MHz, 100 %
2026/10/02 22:34:53.891, 369.01 W, 368.99 W, 2812 MHz, 100 %
2026/10/02 22:34:54.391, 369.34 W, 369.98 W, 2812 MHz, 100 %
2026/10/02 22:34:54.891, 369.73 W, 370.09 W, 2812 MHz, 100 %
2026/10/02 22:34:55.391, 370.12 W, 370.57 W, 2812 MHz, 100 %
2026/10/02 22:34:55.891, 370.49 W, 370.86 W, 2812 MHz, 100 %
2026/10/02 22:34:56.392, 370.80 W, 370.75 W, 2812 MHz, 100 %
2026/10/02 22:34:56.892, 370.88 W, 371.10 W, 2812 MHz, 100 %
2026/10/02 22:34:57.392, 370.99 W, 370.77 W, 2812 MHz, 100 %
2026/10/02 22:34:57.892, 371.03 W, 370.31 W, 2812 MHz, 100 %
2026/10/02 22:34:58.392, 371.02 W, 370.97 W, 2812 MHz, 100 %
2026/10/02 22:34:58.893, 371.22 W, 371.57 W, 2812 MHz, 100 %
2026/10/02 22:34:59.393, 371.61 W, 372.05 W, 2812 MHz, 100 %
2026/10/02 22:34:59.893, 371.91 W, 372.29 W, 2812 MHz, 100 %
2026/10/02 22:35:00.393, 371.93 W, 371.79 W, 2812 MHz, 100 %
2026/10/02 22:35:00.893, 371.87 W, 371.52 W, 2812 MHz, 100 %
2026/10/02 22:35:01.394, 371.83 W, 372.06 W, 2812 MHz, 100 %
2026/10/02 22:35:01.894, 371.99 W, 372.33 W, 2812 MHz, 100 %
2026/10/02 22:35:02.394, 372.45 W, 372.77 W, 2812 MHz, 100 %
2026/10/02 22:35:02.894, 372.68 W, 372.73 W, 2812 MHz, 100 %
2026/10/02 22:35:03.395, 372.80 W, 372.66 W, 2812 MHz, 100 %
2026/10/02 22:35:03.895, 372.66 W, 372.69 W, 2812 MHz, 100 %
2026/10/02 22:35:04.395, 372.69 W, 372.96 W, 2812 MHz, 100 %
2026/10/02 22:35:04.895, 373.00 W, 372.86 W, 2812 MHz, 100 %
2026/10/02 22:35:05.395, 372.96 W, 372.84 W, 2812 MHz, 100 %
2026/10/02 22:35:05.896, 372.85 W, 373.33 W, 2812 MHz, 100 %
2026/10/02 22:35:06.396, 373.32 W, 373.90 W, 2812 MHz, 100 %
2026/10/02 22:35:06.896, 373.77 W, 373.94 W, 2812 MHz, 100 %
2026/10/02 22:35:07.396, 374.00 W, 374.20 W, 2812 MHz, 100 %
2026/10/02 22:35:07.896, 374.24 W, 374.71 W, 2812 MHz, 100 %
2026/10/02 22:35:08.397, 374.30 W, 374.27 W, 2812 MHz, 100 %
2026/10/02 22:35:08.897, 374.31 W, 374.29 W, 2812 MHz, 100 %
2026/10/02 22:35:09.397, 374.32 W, 374.65 W, 2812 MHz, 100 %
2026/10/02 22:35:09.897, 374.44 W, 374.48 W, 2812 MHz, 100 %
2026/10/02 22:35:10.397, 374.64 W, 374.72 W, 2812 MHz, 100 %
2026/10/02 22:35:10.898, 374.74 W, 374.70 W, 2812 MHz, 100 %
2026/10/02 22:35:11.398, 374.63 W, 374.60 W, 2812 MHz, 100 %
2026/10/02 22:35:11.898, 374.46 W, 374.55 W, 2812 MHz, 100 %
2026/10/02 22:35:12.398, 374.49 W, 374.62 W, 2812 MHz, 100 %
2026/10/02 22:35:12.898, 374.65 W, 374.86 W, 2812 MHz, 100 %
2026/10/02 22:35:13.399, 374.92 W, 374.89 W, 2812 MHz, 100 %
2026/10/02 22:35:13.899, 375.10 W, 374.80 W, 2812 MHz, 100 %
2026/10/02 22:35:14.399, 375.10 W, 375.11 W, 2812 MHz, 100 %
2026/10/02 22:35:14.899, 375.10 W, 375.21 W, 2812 MHz, 100 %
2026/10/02 22:35:15.400, 368.62 W, 308.99 W, 2812 MHz, 67 %
2026/10/02 22:35:15.900, 259.33 W, 131.36 W, 2820 MHz, 0 %
2026/10/02 22:35:16.400, 170.40 W, 131.03 W, 2820 MHz, 0 %
2026/10/02 22:35:16.900, 170.40 W, 131.03 W, 2820 MHz, 0 %
2026/10/02 22:35:17.400, 130.34 W, 130.27 W, 2835 MHz, 0 %
2026/10/02 22:35:17.901, 130.34 W, 130.27 W, 2835 MHz, 0 %
2026/10/02 22:35:18.401, 129.65 W, 129.65 W, 2835 MHz, 0 %
2026/10/02 22:35:18.901, 129.65 W, 129.65 W, 2835 MHz, 0 %
2026/10/02 22:35:19.401, 129.43 W, 129.54 W, 2835 MHz, 0 %
2026/10/02 22:35:19.901, 129.52 W, 129.68 W, 2835 MHz, 0 %
2026/10/02 22:35:20.401, 129.75 W, 129.78 W, 2835 MHz, 0 %
2026/10/02 22:35:20.902, 129.75 W, 129.78 W, 2835 MHz, 0 %
