cell_id,group,set,kernel,tier,runtime_measured_s,energy_measured_j,window_power_w,rt_cur,rt_new,new_reason,cur_reason,e_cur_static,e_cur_measured,e_A_static,e_A_measured,e_B_static,e_B_measured,e_new_static,e_new_measured,rt_L,e_L_static,e_L_measured,L_reason,l2_bytes_new,dram_bytes_new,dram_bytes_cur,logical_bytes
blackwell/fresh_e_cuda_samples_fast_walsh_transform/large/c1,Predicted before measurement,Scalar product and Walsh transform,Fast Walsh transform,L2,7.533261691542288e-05,0.04376222237726595,571.4233237106047,7.983714182003873e-05,7.983714182003873e-05,,,0.04790228509202324,0.04519957014925373,0.04790228509202324,0.04519957014925373,0.04790228509202324,0.04519957014925373,0.04790228509202324,0.04519957014925373,7.983714182003873e-05,0.04790228509202324,0.04519957014925373,,469762048.0,0.0,0.0,469762048.0
blackwell/fresh_e_cuda_samples_fast_walsh_transform/large/c2,Predicted before measurement,Scalar product and Walsh transform,Fast Walsh transform,L2,7.183794285714286e-05,0.042582524290645525,583.4577551172202,7.679275567573845e-05,7.679275567573845e-05,,,0.04607565340544307,0.043102765714285715,0.04607565340544307,0.043102765714285715,0.04607565340544307,0.043102765714285715,0.04607565340544307,0.043102765714285715,7.679275567573845e-05,0.04607565340544307,0.043102765714285715,,469762048.0,0.0,0.0,469762048.0
blackwell/fresh_e_cuda_samples_fast_walsh_transform/medium/c1,Predicted before measurement,Scalar product and Walsh transform,Fast Walsh transform,L2,3.895040697674419e-05,0.021802063399743,551.4470512170424,4.119742783786922e-05,4.119742783786922e-05,,,0.02446422886093919,0.023370244186046513,0.02446422886093919,0.023370244186046513,0.02446422886093919,0.023370244186046513,0.02446422886093919,0.023370244186046513,4.119742783786922e-05,0.02446422886093919,0.023370244186046513,,234881024.0,0.0,0.0,234881024.0
blackwell/fresh_e_cuda_samples_fast_walsh_transform/medium/c2,Predicted before measurement,Scalar product and Walsh transform,Fast Walsh transform,L2,3.589375119047619e-05,0.02024192531691119,555.0416497584175,3.7855320910019365e-05,3.7855320910019365e-05,,,0.02230315822578812,0.021536250714285717,0.02230315822578812,0.021536250714285717,0.02230315822578812,0.021536250714285717,0.02230315822578812,0.021536250714285717,3.7855320910019365e-05,0.02230315822578812,0.021536250714285717,,201326592.0,0.0,0.0,201326592.0
blackwell/fresh_e_cuda_samples_fast_walsh_transform/small/c1,Predicted before measurement,Scalar product and Walsh transform,Fast Walsh transform,L2,5.680018095238096e-06,0.0014372658017939,250.30894965682478,6.263147629988089e-06,6.263147629988089e-06,,,0.0017546187393594308,0.0016744142725781844,0.0017546187393594308,0.0016744142725781844,0.0017546187393594308,0.0016744142725781844,0.0017546187393594308,0.0016744142725781844,6.263147629988089e-06,0.0017546187393594308,0.0016744142725781844,,10485760.0,0.0,0.0,10485760.0
blackwell/fresh_e_cuda_samples_fast_walsh_transform/small/c2,Predicted before measurement,Scalar product and Walsh transform,Fast Walsh transform,L2,4.994195448460509e-06,0.0012687999260771487,250.96956996671608,6.121253618125864e-06,6.121253618125864e-06,,,0.0016287654043623638,0.0014737482183983352,0.0016287654043623638,0.0014737482183983352,0.0016287654043623638,0.0014737482183983352,0.0016287654043623638,0.0014737482183983352,6.121253618125864e-06,0.0016287654043623638,0.0014737482183983352,,8388608.0,0.0,0.0,8388608.0
blackwell/fresh_e_cuda_samples_fast_walsh_transform/xlarge/c1,Predicted before measurement,Scalar product and Walsh transform,Fast Walsh transform,DRAM,0.0032279778,1.2379182383341538,379.70854109573065,0.00333642609786626,0.00333642609786626,,,1.4292924439264123,1.4143763105711942,1.4292924439264123,1.4143763105711942,1.4292924439264123,1.4143763105711942,1.4292924439264123,1.4143763105711942,0.00333642609786626,1.4292924439264123,1.4143763105711942,,4831838208.0,4831838208.0,4831838208.0,4831838208.0
blackwell/fresh_e_cuda_samples_fast_walsh_transform/xlarge/c2,Predicted before measurement,Scalar product and Walsh transform,Fast Walsh transform,DRAM,0.002921752,1.1164815502998726,382.08350125582496,0.0029912003709044676,0.0029912003709044676,,,1.288196570587381,1.278644542735444,1.288196570587381,1.278644542735444,1.288196570587381,1.278644542735444,1.288196570587381,1.278644542735444,0.0029912003709044676,1.288196570587381,1.278644542735444,,4294967296.0,4294967296.0,4294967296.0,4294967296.0
blackwell/fresh_e_cuda_samples_scalar_product/large/c1,Predicted before measurement,Scalar product and Walsh transform,Scalar product,L2,1.020424812542604e-05,0.004519541927144859,437.4466963215427,9.158879019258752e-06,9.158879019258752e-06,,,0.0038721627430408105,0.004015944298858733,0.0038721627430408105,0.004015944298858733,0.003872504100806491,0.004016285656624413,0.003872504100806491,0.004016285656624413,9.158879019258752e-06,0.003872504100806491,0.004016285656624413,,50339840.0,0.0,0.0,50332672.0
blackwell/fresh_e_cuda_samples_scalar_product/large/c2,Predicted before measurement,Scalar product and Walsh transform,Scalar product,L2,7.73879063146998e-06,0.004319073612027715,550.0595532948892,6.395360150432064e-06,6.395360150432064e-06,,,0.003496474886417744,0.0036812522282745836,0.003496474886417744,0.0036812522282745836,0.0034968162441834246,0.003681593586040264,0.0034968162441834246,0.003681593586040264,6.395360150432064e-06,0.0034968162441834246,0.003681593586040264,,50339840.0,0.0,0.0,50332672.0
blackwell/fresh_e_cuda_samples_scalar_product/medium/c1,Predicted before measurement,Scalar product and Walsh transform,Scalar product,L2,7.412144873699851e-06,0.003131305755745444,418.21783148589606,6.5072224416858906e-06,6.5072224416858906e-06,,,0.0026790306088605655,0.0028034949290723435,0.0026790306088605655,0.0028034949290723435,0.002679371966626246,0.0028038362868380243,0.002679371966626246,0.0028038362868380243,6.5072224416858906e-06,0.002679371966626246,0.0028038362868380243,,33562624.0,0.0,0.0,33555456.0
blackwell/fresh_e_cuda_samples_scalar_product/medium/c2,Predicted before measurement,Scalar product and Walsh transform,Scalar product,L2,5.533398558758315e-06,0.003019820513592173,538.0513809715553,4.5899769892093225e-06,4.5899769892093225e-06,,,0.002419740403299034,0.0025494999497230443,0.002419740403299034,0.0025494999497230443,0.0024200817610647144,0.0025498413074887248,0.0024200817610647144,0.0025498413074887248,4.5899769892093225e-06,0.0024200817610647144,0.0025498413074887248,,33562624.0,0.0,0.0,33555456.0
blackwell/fresh_e_cuda_samples_scalar_product/small/c1,Predicted before measurement,Scalar product and Walsh transform,Scalar product,L2,3.899985393844548e-06,0.001103707980531346,281.6968766818871,3.648073383803081e-06,3.648073383803081e-06,,,0.001064701520175453,0.0010993498568436172,0.001064701520175453,0.0010993498568436172,0.0010650428779411334,0.001099691214609298,0.0010650428779411334,0.001099691214609298,3.648073383803081e-06,0.0010650428779411334,0.001099691214609298,,8396800.0,0.0,0.0,8389632.0
blackwell/fresh_e_cuda_samples_scalar_product/small/c2,Predicted before measurement,Scalar product and Walsh transform,Scalar product,L2,2.645900709219858e-06,0.0010956265219045185,409.0947133595426,1.8819035401174147e-06,1.8819035401174147e-06,,,0.00082619046902928,0.0009312717278554413,0.00082619046902928,0.0009312717278554413,0.0008265318267949608,0.0009316130856211221,0.0008265318267949608,0.0009316130856211221,1.8819035401174147e-06,0.0008265318267949608,0.0009316130856211221,,8396800.0,0.0,0.0,8389632.0
blackwell/fresh_e_cuda_samples_scalar_product/xlarge/c1,Predicted before measurement,Scalar product and Walsh transform,Scalar product,DRAM,0.00016740443888888887,0.0660156804201156,394.24105780706594,0.00024295769921920104,0.00024295769921920104,,,0.0799994842841262,0.06960778124515156,0.0799994842841262,0.06960778124515156,0.08000016699965756,0.06960846396068292,0.08000193982408724,0.06961023678511259,0.00024295769921920104,0.08000193982408724,0.06961023678511259,,268451840.0,268451840.0,268451840.0,268437504.0
blackwell/fresh_e_cuda_samples_scalar_product/xlarge/c2,Predicted before measurement,Scalar product and Walsh transform,Scalar product,DRAM,0.00016632670967741935,0.06608796784514745,397.4455067311673,0.0001654807591330142,0.0001654807591330142,,,0.06934760605633605,0.06946395929913039,0.06934760605633605,0.06946395929913039,0.06934828877186741,0.06946464201466175,0.06935006159629709,0.06946641483909143,0.0001654807591330142,0.06935006159629709,0.06946641483909143,,268451840.0,268451840.0,268451840.0,268437504.0
blackwell/unseen_cuda_samples_black_scholes/large/c1,Seen during model building,Classic kernels,Black-Scholes,L2,6.67763217623498e-06,0.004906941018591856,587.7408663207251,5.9693510434651926e-06,5.9693510434651926e-06,,,0.0035816106260791155,0.004006579305740988,0.0035816106260791155,0.004006579305740988,0.0035816106260791155,0.004006579305740988,0.0035816106260791155,0.004006579305740988,5.9693510434651926e-06,0.0035816106260791155,0.004006579305740988,,52428800.0,0.0,0.0,52428800.0
blackwell/unseen_cuda_samples_black_scholes/large/c2,Seen during model building,Classic kernels,Black-Scholes,L2,9.763385416666667e-06,0.006105773802268427,588.7861520188201,8.049152353036964e-06,8.049152353036964e-06,,,0.004829491411822178,0.00585803125,0.004829491411822178,0.00585803125,0.004829491411822178,0.00585803125,0.004829491411822178,0.00585803125,8.049152353036964e-06,0.004829491411822178,0.00585803125,,52428800.0,0.0,0.0,52428800.0
blackwell/unseen_cuda_samples_black_scholes/medium/c1,Seen during model building,Classic kernels,Black-Scholes,L2,3.0849745815251085e-06,0.002129048980979352,590.5568994565964,2.867920417386077e-06,2.867920417386077e-06,,,0.0017207522504316462,0.0018509847489150651,0.0017207522504316462,0.0018509847489150651,0.0017207522504316462,0.0018509847489150651,0.0017207522504316462,0.0018509847489150651,2.867920417386077e-06,0.0017207522504316462,0.0018509847489150651,,20971520.0,0.0,0.0,20971520.0
blackwell/unseen_cuda_samples_black_scholes/medium/c2,Seen during model building,Classic kernels,Black-Scholes,L2,4.265981735159817e-06,0.0026612476606788344,592.3301835794301,3.6996285621234324e-06,3.6996285621234324e-06,,,0.0022197771372740593,0.0025595890410958903,0.0022197771372740593,0.0025595890410958903,0.0022197771372740593,0.0025595890410958903,0.0022197771372740593,0.0025595890410958903,3.6996285621234324e-06,0.0022197771372740593,0.0025595890410958903,,20971520.0,0.0,0.0,20971520.0
blackwell/unseen_cuda_samples_black_scholes/small/c1,Seen during model building,Classic kernels,Black-Scholes,L2,1.563182861328125e-06,0.0009488043796182787,591.9130602303258,1.3172051043465194e-06,1.3172051043465194e-06,,,0.0006794660957028911,0.0007132982267528385,0.0006794660957028911,0.0007132982267528385,0.0006794660957028911,0.0007132982267528385,0.0006794660957028911,0.0007132982267528385,1.3172051043465194e-06,0.0006794660957028911,0.0007132982267528385,,5242880.0,0.0,0.0,5242880.0
blackwell/unseen_cuda_samples_black_scholes/small/c2,Seen during model building,Classic kernels,Black-Scholes,L2,1.6047296875e-06,0.0009720506448012627,591.7837053583469,1.5248666666666666e-06,1.5248666666666666e-06,,,0.0007080281627640093,0.0007190126364011116,0.0007080281627640093,0.0007190126364011116,0.0007080281627640093,0.0007190126364011116,0.0007080281627640093,0.0007190126364011116,1.5248666666666666e-06,0.0007080281627640093,0.0007190126364011116,,5242880.0,0.0,0.0,5242880.0
blackwell/unseen_cuda_samples_black_scholes/xlarge/c1,Seen during model building,Classic kernels,Black-Scholes,DRAM,0.00016009633854166666,0.07931117399411487,495.72929114830606,0.00016873559501215076,0.00016873559501215076,,,0.07824700045016794,0.07705874481002328,0.07824700045016794,0.07705874481002328,0.07824700045016794,0.07705874481002328,0.07824700045016794,0.07705874481002328,0.00016873559501215076,0.07824700045016794,0.07705874481002328,,251658240.0,251658240.0,251658240.0,251658240.0
blackwell/unseen_cuda_samples_black_scholes/xlarge/c2,Seen during model building,Classic kernels,Black-Scholes,DRAM,0.0001614902365591398,0.08033536589129185,497.614623764477,0.00016873559501215076,0.00016873559501215076,,,0.07824700045016794,0.07725046352872411,0.07824700045016794,0.07725046352872411,0.07824700045016794,0.07725046352872411,0.07824700045016794,0.07725046352872411,0.00016873559501215076,0.07824700045016794,0.07725046352872411,,251658240.0,251658240.0,251658240.0,251658240.0
blackwell/unseen_cuda_samples_matrix_multiply/large/c1,Seen during model building,Classic kernels,Tiled matrix multiply,L2,0.0016387665,0.9975643057631632,590.2390472344815,0.0019743132378765736,0.0019743132378765736,,,0.7843670340397206,0.7382154577812561,0.7843670340397206,0.7382154577812561,0.9969939097426961,0.9508423334842315,0.9969939097426961,0.9508423334842315,0.0019743132378765736,0.9969939097426961,0.9508423334842315,,4516761600.0,0.0,0.0,51916800.0
blackwell/unseen_cuda_samples_matrix_multiply/large/c2,Seen during model building,Classic kernels,Tiled matrix multiply,L2,0.0017121332777777778,0.8512033889614531,487.5936522386295,0.002087576742480005,0.002087576742480005,,,0.7734401029435993,0.7218010740512353,0.7734401029435993,0.7218010740512353,0.8789294056179437,0.8272903767255797,0.8789294056179437,0.8272903767255797,0.002087576742480005,0.8789294056179437,0.8272903767255797,,2267033600.0,0.0,0.0,51916800.0
blackwell/unseen_cuda_samples_matrix_multiply/medium/c1,Seen during model building,Classic kernels,Tiled matrix multiply,L2,0.00022678642424242427,0.1371167905014917,590.68138331451,0.00025956988227024576,0.00025956988227024576,,,0.10335425797858175,0.09884517446681264,0.10335425797858175,0.09884517446681264,0.13096912591424548,0.12646004240247635,0.13096912591424548,0.12646004240247635,0.00025956988227024576,0.13096912591424548,0.12646004240247635,,593252352.0,0.0,0.0,13381632.0
blackwell/unseen_cuda_samples_matrix_multiply/medium/c2,Seen during model building,Classic kernels,Tiled matrix multiply,L2,0.000229176,0.11292138878393528,482.6546606922154,0.00027424460238110836,0.00027424460238110836,,,0.10186315945468216,0.09566435969040243,0.10186315945468216,0.09566435969040243,0.11545817136147045,0.10925937159719074,0.11545817136147045,0.10925937159719074,0.00027424460238110836,0.11545817136147045,0.10925937159719074,,298856448.0,0.0,0.0,13381632.0
blackwell/unseen_cuda_samples_matrix_multiply/small/c1,Seen during model building,Classic kernels,Tiled matrix multiply,L2,1.230016420361248e-05,0.005818386290423353,466.61658980435845,1.2296284092702856e-05,1.2296284092702856e-05,,,0.004279083203775172,0.004279616879756259,0.004279083203775172,0.004279616879756259,0.005270386155311818,0.005270919831292905,0.005270386155311818,0.005270919831292905,1.2296284092702856e-05,0.005270386155311818,0.005270919831292905,,22302720.0,0.0,0.0,1486848.0
blackwell/unseen_cuda_samples_matrix_multiply/small/c2,Seen during model building,Classic kernels,Tiled matrix multiply,L2,1.3607781876138434e-05,0.004757885707219254,345.4347777246892,1.6569483592948e-05,1.6569483592948e-05,,,0.004730670753824948,0.004323314081239919,0.004730670753824948,0.004323314081239919,0.005202719778366208,0.004795363105781179,0.005202719778366208,0.004795363105781179,1.6569483592948e-05,0.005202719778366208,0.004795363105781179,,11399168.0,0.0,0.0,1486848.0
blackwell/unseen_cuda_samples_matrix_multiply/xlarge/c1,Seen during model building,Classic kernels,Tiled matrix multiply,DRAM,0.014021386333333332,8.480777985863886,584.5821607600969,0.029688500519046774,,inter-block reuse per-wave working set 138.2 MiB exceeds the L2 capacity 128.0 MiB; the L2-captures-reuse assumption fails (refused),,8.484589378259304,6.329712177939173,,6.329712177939173,10.31332485487438,8.15844765455425,,,,,,inter-block reuse whole-launch working set 138.2 MiB exceeds the L2 capacity 128.0 MiB; the L2-captures-reuse assumption fails (refused),,,38618058752.0,217362432.0
blackwell/unseen_cuda_samples_matrix_multiply/xlarge/c2,Seen during model building,Classic kernels,Tiled matrix multiply,DRAM,0.0150848635,7.348090635111881,479.0028558936873,0.02489480649405704,,inter-block reuse per-wave working set 138.2 MiB exceeds the L2 capacity 128.0 MiB; the L2-captures-reuse assumption fails (refused),,7.599610043766782,6.250336511720262,,6.250336511720262,8.510527337778822,7.161253805732301,,,,,,inter-block reuse whole-launch working set 138.2 MiB exceeds the L2 capacity 128.0 MiB; the L2-captures-reuse assumption fails (refused),,,19345256448.0,217362432.0
blackwell/unseen_cuda_samples_scan/large/c1,Seen during model building,Classic kernels,Prefix-sum scan,L2,1.5613816145833334e-05,0.00852159710247995,538.7792943358916,1.9464145126026446e-05,1.9464145126026446e-05,,,0.011338846734815828,0.0093682896875,0.011338846734815828,0.0093682896875,0.01136810597187417,0.0093682896875,0.01136810597187417,0.0093682896875,1.9464145126026446e-05,0.01136810597187417,0.0093682896875,,101277696.0,0.0,0.0,100663296.0
blackwell/unseen_cuda_samples_scan/large/c2,Seen during model building,Classic kernels,Prefix-sum scan,L2,1.5813198839662447e-05,0.008618692435441559,537.9803874479276,1.9674557880119517e-05,1.9674557880119517e-05,,,0.01137358817976291,0.009487919303797467,0.01137358817976291,0.009487919303797467,0.011402847416821252,0.009487919303797467,0.011402847416821252,0.009487919303797467,1.9674557880119517e-05,0.011402847416821252,0.009487919303797467,,101277696.0,0.0,0.0,100663296.0
blackwell/unseen_cuda_samples_scan/medium/c1,Seen during model building,Classic kernels,Prefix-sum scan,L2,7.191574340527578e-06,0.0031615811793024176,435.34157028519905,8.374913370843805e-06,8.374913370843805e-06,,,0.0040391376772808555,0.0038763795415801133,0.0040391376772808555,0.0038763795415801133,0.004048890756300303,0.003886132620599561,0.004048890756300303,0.003886132620599561,8.374913370843805e-06,0.004048890756300303,0.003886132620599561,,33759232.0,0.0,0.0,33554432.0
blackwell/unseen_cuda_samples_scan/medium/c2,Seen during model building,Classic kernels,Prefix-sum scan,L2,7.392347140039448e-06,0.0032645312429960024,437.40939805841407,8.58532612493688e-06,8.58532612493688e-06,,,0.00407001180552734,0.0039059277767429755,0.00407001180552734,0.0039059277767429755,0.004079764884546788,0.003915680855762423,0.004079764884546788,0.003915680855762423,8.58532612493688e-06,0.004079764884546788,0.003915680855762423,,33759232.0,0.0,0.0,33554432.0
blackwell/unseen_cuda_samples_scan/small/c1,Seen during model building,Classic kernels,Prefix-sum scan,L2,3.459816920943134e-06,0.0006764718125414723,194.33815375413974,3.8893842742572734e-06,3.8893842742572734e-06,,,0.0008958564733137318,0.0008367731676911432,0.0008958564733137318,0.0008367731676911432,0.0008970756081911628,0.0008379923025685741,0.0008970756081911628,0.0008379923025685741,3.8893842742572734e-06,0.0008970756081911628,0.0008379923025685741,,4219904.0,0.0,0.0,4194304.0
blackwell/unseen_cuda_samples_scan/small/c2,Seen during model building,Classic kernels,Prefix-sum scan,L2,3.6566686217008796e-06,0.0006950877115524394,189.4721043653297,4.099797028350349e-06,4.099797028350349e-06,,,0.0009250386505037044,0.0008640901382898933,0.0009250386505037044,0.0008640901382898933,0.0009262577853811353,0.0008653092731673242,0.0009262577853811353,0.0008653092731673242,4.099797028350349e-06,0.0009262577853811353,0.0008653092731673242,,4219904.0,0.0,0.0,4194304.0
blackwell/unseen_cuda_samples_scan/xlarge/c1,Seen during model building,Classic kernels,Prefix-sum scan,DRAM,0.0003602247738095238,0.13797492994912258,382.76211976946144,0.00040232684032084367,0.00040163363592035867,,,0.16792320461048088,0.16213242641507236,0.16782786028988297,0.16213242641507236,0.16807925387479203,0.1622884756793835,0.1682756658031916,0.16258023192838097,0.00040163363592035867,0.1682756658031916,0.16258023192838097,,540147712.0,539230208.0,540147712.0,536870912.0
blackwell/unseen_cuda_samples_scan/xlarge/c2,Seen during model building,Classic kernels,Prefix-sum scan,DRAM,0.0003603683928571429,0.1378446907237908,382.40852573406664,0.0004025372530749368,0.0004018440486744518,,,0.16798308361398187,0.1621831185170483,0.16788773929338396,0.1621831185170483,0.16813913287829302,0.16233916778135946,0.16833554480669258,0.16263092403035692,0.0004018440486744518,0.16833554480669258,0.16263092403035692,,540147712.0,539230208.0,540147712.0,536870912.0
blackwell/unseen_cuda_samples_separable_convolution/large/c1,Seen during model building,Classic kernels,Separable convolution,L2,1.9308498712998712e-05,0.011648333125395144,588.4889675074359,1.6567179826625053e-05,1.6567179826625053e-05,,,0.009940307895975031,0.011585099227799227,0.009940307895975031,0.011585099227799227,0.009940307895975031,0.011585099227799227,0.009940307895975031,0.011585099227799227,1.6567179826625053e-05,0.009940307895975031,0.011585099227799227,,73940992.0,0.0,0.0,66060288.0
blackwell/unseen_cuda_samples_separable_convolution/large/c2,Seen during model building,Classic kernels,Separable convolution,L2,1.9294661518661516e-05,0.011685845482794943,590.2690126570519,1.6566451507472266e-05,1.6566451507472266e-05,,,0.00993987090448336,0.01157679691119691,0.00993987090448336,0.01157679691119691,0.00993987090448336,0.01157679691119691,0.00993987090448336,0.01157679691119691,1.6566451507472266e-05,0.00993987090448336,0.01157679691119691,,73908224.0,0.0,0.0,66060288.0
blackwell/unseen_cuda_samples_separable_convolution/medium/c1,Seen during model building,Classic kernels,Separable convolution,L2,7.462529147982063e-06,0.004023865567551662,531.105328853144,6.354517196054346e-06,6.354517196054346e-06,,,0.0037833015609117448,0.003935699102959947,0.0037833015609117448,0.003935699102959947,0.0038127103176326073,0.004050395312228649,0.0038127103176326073,0.004050395312228649,6.354517196054346e-06,0.0038127103176326073,0.004050395312228649,,23379968.0,0.0,0.0,20971520.0
blackwell/unseen_cuda_samples_separable_convolution/medium/c2,Seen during model building,Classic kernels,Separable convolution,L2,7.349883161512027e-06,0.003993204733471478,535.8268332751951,6.354153681350757e-06,6.354153681350757e-06,,,0.0037832668691246884,0.0039202209200782925,0.0037832668691246884,0.0039202209200782925,0.0038124922088104544,0.00403413688302544,0.0038124922088104544,0.00403413688302544,6.354153681350757e-06,0.0038124922088104544,0.00403413688302544,,23363584.0,0.0,0.0,20971520.0
blackwell/unseen_cuda_samples_separable_convolution/small/c1,Seen during model building,Classic kernels,Separable convolution,L2,2.98475998003992e-06,0.000858218703882847,285.6122719581134,2.4168099136014046e-06,2.4168099136014046e-06,,,0.0007687861769054753,0.000846902837994515,0.0007687861769054753,0.000846902837994515,0.0007836108570150357,0.0008617275181040751,0.0007836108570150357,0.0008617275181040751,2.4168099136014046e-06,0.0007836108570150357,0.0008617275181040751,,3457024.0,0.0,0.0,3145728.0
blackwell/unseen_cuda_samples_separable_convolution/small/c2,Seen during model building,Classic kernels,Separable convolution,L2,2.9862363020522014e-06,0.0008528602195835704,283.8976221399351,2.4168099136014046e-06,2.4168099136014046e-06,,,0.0007687938301769962,0.0008471135466983819,0.0007687938301769962,0.0008471135466983819,0.0007832283871257786,0.0008615481036471642,0.0007832283871257786,0.0008615481036471642,2.4168099136014046e-06,0.0007832283871257786,0.0008615481036471642,,3448832.0,0.0,0.0,3145728.0
blackwell/unseen_cuda_samples_separable_convolution/xlarge/c1,Seen during model building,Classic kernels,Separable convolution,DRAM,0.00027005192105263156,0.1364568594256589,505.227221420962,0.00030572462160334855,0.0002750205678699452,,,0.14770237900050492,0.14279590495688788,0.14347929971715814,0.14279590495688788,0.15005560190631723,0.14514912786270018,0.14583252262297045,0.14514912786270018,0.0002750205678699452,0.14583252262297045,0.14514912786270018,,452067328.0,402653184.0,452067328.0,402653184.0
blackwell/unseen_cuda_samples_separable_convolution/xlarge/c2,Seen during model building,Classic kernels,Separable convolution,DRAM,0.00026848252631578946,0.13609283540778247,506.95765014313287,0.00030564311900346786,0.0002750205678699452,,,0.14769129146917467,0.1425801706217833,0.14347942216950246,0.1425801706217833,0.15003827240441453,0.14492715155702315,0.14582640310474232,0.14492715155702315,0.0002750205678699452,0.14582640310474232,0.14492715155702315,,451936256.0,402653184.0,451936256.0,402653184.0
blackwell/fresh_d_cuda_samples_copy/dram/c1,Seen during model building,CUDA-samples kernels at new shapes,Copy,DRAM,0.000139928223,0.05814511677308866,415.4787648118403,0.0001431328,0.0001431328,,,0.05965264613268534,0.05921188404771456,0.05965264613268534,0.05921188404771456,0.05965264613268534,0.05921188404771456,0.05965264613268534,0.05921188404771456,0.0001431328,0.05965264613268534,0.05921188404771456,,209715200.0,209715200.0,209715200.0,209715200.0
blackwell/fresh_d_cuda_samples_copy/dram/c2,Seen during model building,CUDA-samples kernels at new shapes,Copy,DRAM,0.00013833750899999999,0.059404242154439076,429.28383672375196,0.0001438540252917157,0.0001438540252917157,,,0.062496910325872054,0.06173816081774294,0.062496910325872054,0.06173816081774294,0.062496910325872054,0.06173816081774294,0.062496910325872054,0.06173816081774294,0.0001438540252917157,0.062496910325872054,0.06173816081774294,,209715200.0,209715200.0,209715200.0,209715200.0
blackwell/fresh_d_cuda_samples_copy/l2/c1,Seen during model building,CUDA-samples kernels at new shapes,Copy,L2,3.1943989354838713e-06,0.001913487307125863,591.7904360303343,3.0863e-06,3.0863e-06,,,0.0016873802315932607,0.001702248313148796,0.0016873802315932607,0.001702248313148796,0.0016873802315932607,0.001702248313148796,0.0016873802315932607,0.001702248313148796,3.0863e-06,0.0016873802315932607,0.001702248313148796,,18874368.0,0.0,0.0,18874368.0
blackwell/fresh_d_cuda_samples_copy/l2/c2,Seen during model building,CUDA-samples kernels at new shapes,Copy,L2,3.453291e-06,0.0020763159793701362,590.693852401682,3.2693612409473593e-06,3.2693612409473593e-06,,,0.001959614660950472,0.0019849126219881425,0.001959614660950472,0.0019849126219881425,0.001959614660950472,0.0019849126219881425,0.001959614660950472,0.0019849126219881425,3.2693612409473593e-06,0.001959614660950472,0.0019849126219881425,,18874368.0,0.0,0.0,18874368.0
blackwell/fresh_d_cuda_samples_reduce2/dram/c1,Seen during model building,CUDA-samples kernels at new shapes,Reduce2,DRAM,0.00018603581199999998,0.1061034800989274,561.8585709023362,0.00017240265209380584,0.00017240265209380584,,,0.08997028319829356,0.0918454074299766,0.08997028319829356,0.0918454074299766,0.0902324459623363,0.09210757019401934,0.09091321054333037,0.09278833477501341,0.00017240265209380584,0.09091321054333037,0.09278833477501341,,207618048.0,207618048.0,207618048.0,202113024.0
blackwell/fresh_d_cuda_samples_reduce2/l2/c1,Seen during model building,CUDA-samples kernels at new shapes,Reduce2,L2,2.256152725e-05,0.009725516050468383,424.6265942529149,1.572757303405065e-05,1.572757303405065e-05,,,0.007321191738861521,0.00826114353556251,0.007321191738861521,0.00826114353556251,0.0073539620843668645,0.008293913881067852,0.0073539620843668645,0.008293913881067852,1.572757303405065e-05,0.0073539620843668645,0.008293913881067852,,25952256.0,0.0,0.0,25264128.0
blackwell/fresh_d_cuda_samples_reduction/dram/c1,Seen during model building,CUDA-samples kernels at new shapes,Reductions (reduce0/1/6),DRAM,0.00018840121500000002,0.11339993375830942,584.7694932832331,0.000198249288500958,0.000198249288500958,,,0.09691082880013324,0.09555631074385695,0.09691082880013324,0.09555631074385695,0.09717299156417598,0.0958184735078997,0.09785375614517006,0.09649923808889377,0.000198249288500958,0.09785375614517006,0.09649923808889377,,207618048.0,207618048.0,207618048.0,202113024.0
blackwell/fresh_d_cuda_samples_reduction/dram/c2,Seen during model building,CUDA-samples kernels at new shapes,Reductions (reduce0/1/6),DRAM,0.00020397641,0.10866041808517304,528.0341739305505,0.0001762409713355442,0.0001762409713355442,,,0.10478693024944909,0.10860170198791086,0.10478693024944909,0.10860170198791086,0.10504909301349184,0.10886386475195362,0.10572985759448592,0.10954462933294769,0.0001762409713355442,0.10572985759448592,0.10954462933294769,,207618048.0,207618048.0,207618048.0,202113024.0
blackwell/fresh_d_cuda_samples_reduction/l2/c1,Seen during model building,CUDA-samples kernels at new shapes,Reductions (reduce0/1/6),L2,2.2922151500000003e-05,0.01156714250401701,496.6769360925453,2.1804880622959086e-05,2.1804880622959086e-05,,,0.00858026858277792,0.008733939610574,0.00858026858277792,0.008733939610574,0.008613038928283263,0.008766709956079345,0.008613038928283263,0.008766709956079345,2.1804880622959086e-05,0.008613038928283263,0.008766709956079345,,25952256.0,0.0,0.0,25264128.0
blackwell/fresh_d_cuda_samples_reduction/l2/c2,Seen during model building,CUDA-samples kernels at new shapes,Reductions (reduce0/1/6),L2,2.1478265399999998e-05,0.009306831995068423,427.21154411095915,1.674720347214669e-05,1.674720347214669e-05,,,0.009247523056061802,0.00989824005223524,0.009247523056061802,0.00989824005223524,0.009280293401567146,0.009931010397740582,0.009280293401567146,0.009931010397740582,1.674720347214669e-05,0.009280293401567146,0.009931010397740582,,25952256.0,0.0,0.0,25264128.0
blackwell/fresh_d_cuda_samples_reduction/l2/c3,Seen during model building,CUDA-samples kernels at new shapes,Reductions (reduce0/1/6),L2,3.9388885333333334e-05,0.007433179708857861,188.05684434093143,7.905191746996335e-05,7.905191746996335e-05,,,0.012759938069950228,0.007304628136438268,0.012759938069950228,0.007304628136438268,0.012760023409391648,0.007304713475879689,0.012760023409391648,0.007304713475879689,7.905191746996335e-05,0.012760023409391648,0.007304713475879689,,33556480.0,0.0,0.0,33554688.0
blackwell/fresh_d_cuda_samples_transpose/dram/c1,Seen during model building,CUDA-samples kernels at new shapes,"Transposes (naive, coalesced, padded, diagonal)",DRAM,0.00020665123,0.10387416048150926,497.28659434975646,0.0006049664587352711,0.0006049664587352711,,,0.12317390536092049,0.06838906146640031,0.12317390536092049,0.06838906146640031,0.1581289405666204,0.10334409667210023,0.2488975513658297,0.123990738,0.0006049664587352711,0.2488975513658297,0.123990738,,943718400.0,943718400.0,943718400.0,209715200.0
blackwell/fresh_d_cuda_samples_transpose/dram/c2,Seen during model building,CUDA-samples kernels at new shapes,"Transposes (naive, coalesced, padded, diagonal)",DRAM,0.000141445541,0.05774302008736488,408.0392782121148,0.0001438540252917157,0.0001438540252917157,,,0.0627907959522726,0.06245952959230187,0.0627907959522726,0.06245952959230187,0.0627907959522726,0.06245952959230187,0.0627907959522726,0.06245952959230187,0.0001438540252917157,0.0627907959522726,0.06245952959230187,,209715200.0,209715200.0,209715200.0,209715200.0
blackwell/fresh_d_cuda_samples_transpose/dram/c3,Seen during model building,CUDA-samples kernels at new shapes,"Transposes (naive, coalesced, padded, diagonal)",DRAM,0.000140214951,0.05440514887331129,387.9600782182855,0.0001438540252917157,0.0001438540252917157,,,0.0627907959522726,0.06229027249092961,0.0627907959522726,0.06229027249092961,0.0627907959522726,0.06229027249092961,0.0627907959522726,0.06229027249092961,0.0001438540252917157,0.0627907959522726,0.06229027249092961,,209715200.0,209715200.0,209715200.0,209715200.0
blackwell/fresh_d_cuda_samples_transpose/dram/c4,Seen during model building,CUDA-samples kernels at new shapes,"Transposes (naive, coalesced, padded, diagonal)",DRAM,0.000149896378,0.060086283184585046,400.72317737467574,0.0001438540252917157,0.00014385395037354027,,,0.06498467328369506,0.06581574708152618,0.06498466297934251,0.06581574708152618,0.06498467328369506,0.06581574708152618,0.06498464715055297,0.06581573125273663,0.00014385395037354027,0.06498464715055297,0.06581573125273663,,209715200.0,209715072.0,209715200.0,209715200.0
blackwell/fresh_d_cuda_samples_transpose/l2/c1,Seen during model building,CUDA-samples kernels at new shapes,"Transposes (naive, coalesced, padded, diagonal)",L2,1.9958149799999998e-05,0.006767275219450384,336.07570039603473,1.5173845044547623e-05,1.5173845044547623e-05,,,0.0033499183937322845,0.004007958484249313,0.0033499183937322845,0.004007958484249313,0.006495871562245278,0.007153911652762307,0.006495871562245278,0.007153911652762307,1.5173845044547623e-05,0.006495871562245278,0.007153911652762307,,84934656.0,0.0,0.0,18874368.0
blackwell/fresh_d_cuda_samples_transpose/l2/c2,Seen during model building,CUDA-samples kernels at new shapes,"Transposes (naive, coalesced, padded, diagonal)",L2,7.100756500000001e-06,0.0024495254353402805,341.77262798381236,6.3048245336054745e-06,6.3048245336054745e-06,,,0.0024035663121149443,0.0025130399284465045,0.0024035663121149443,0.0025130399284465045,0.0024035663121149443,0.0025130399284465045,0.0024035663121149443,0.0025130399284465045,6.3048245336054745e-06,0.0024035663121149443,0.0025130399284465045,,18874368.0,0.0,0.0,18874368.0
blackwell/fresh_d_cuda_samples_transpose/l2/c3,Seen during model building,CUDA-samples kernels at new shapes,"Transposes (naive, coalesced, padded, diagonal)",L2,3.4785190344827584e-06,0.001898261234055673,539.2961179322768,3.2693612409473593e-06,3.2693612409473593e-06,,,0.0019616167445684154,0.0020148322281601204,0.0019616167445684154,0.0020148322281601204,0.0019616167445684154,0.0020148322281601204,0.0019616167445684154,0.0020148322281601204,3.2693612409473593e-06,0.0019616167445684154,0.0020148322281601204,,18874368.0,0.0,0.0,18874368.0
blackwell/fresh_d_cuda_samples_transpose/l2/c4,Seen during model building,CUDA-samples kernels at new shapes,"Transposes (naive, coalesced, padded, diagonal)",L2,3.4862907586206898e-06,0.0020954863206558974,591.9323936534009,3.2693612409473593e-06,3.2693612409473593e-06,,,0.0019616167445684154,0.002091774455172414,0.0019616167445684154,0.002091774455172414,0.0019616167445684154,0.002091774455172414,0.0019616167445684154,0.002091774455172414,3.2693612409473593e-06,0.0019616167445684154,0.002091774455172414,,18874368.0,0.0,0.0,18874368.0
blackwell/fresh_d_cuda_samples_transposefine/dram/c1,Seen during model building,CUDA-samples kernels at new shapes,Fine- and coarse-grained transpose,DRAM,0.00013835971099999999,0.05499430456713262,397.3835620242069,0.0001438540252917157,0.0001438540252917157,,,0.062496910325872054,0.061741214512446026,0.062496910325872054,0.061741214512446026,0.062496910325872054,0.061741214512446026,0.062496910325872054,0.061741214512446026,0.0001438540252917157,0.062496910325872054,0.061741214512446026,,209715200.0,209715200.0,209715200.0,209715200.0
blackwell/fresh_d_cuda_samples_transposefine/dram/c2,Seen during model building,CUDA-samples kernels at new shapes,Fine- and coarse-grained transpose,DRAM,0.00014020842,0.055565682751675574,396.2356086081998,0.0001438540252917157,0.0001438540252917157,,,0.06259487220133891,0.06209345045695358,0.06259487220133891,0.06209345045695358,0.06259487220133891,0.06209345045695358,0.06259487220133891,0.06209345045695358,0.0001438540252917157,0.06259487220133891,0.06209345045695358,,209715200.0,209715200.0,209715200.0,209715200.0
blackwell/fresh_d_cuda_samples_transposefine/l2/c1,Seen during model building,CUDA-samples kernels at new shapes,Fine- and coarse-grained transpose,L2,3.4402218620689654e-06,0.0018483793667761186,531.519209789293,3.2693612409473593e-06,3.2693612409473593e-06,,,0.001959614660950472,0.001983115074142279,0.001959614660950472,0.001983115074142279,0.001959614660950472,0.001983115074142279,0.001959614660950472,0.001983115074142279,3.2693612409473593e-06,0.001959614660950472,0.001983115074142279,,18874368.0,0.0,0.0,18874368.0
blackwell/fresh_d_cuda_samples_transposefine/l2/c2,Seen during model building,CUDA-samples kernels at new shapes,Fine- and coarse-grained transpose,L2,3.5111051428571427e-06,0.001849148453645177,521.3593879079285,3.2693612409473593e-06,3.2693612409473593e-06,,,0.0019616167445684154,0.0020016810303354303,0.0019616167445684154,0.0020016810303354303,0.0019616167445684154,0.0020016810303354303,0.0019616167445684154,0.0020016810303354303,3.2693612409473593e-06,0.0019616167445684154,0.0020016810303354303,,18874368.0,0.0,0.0,18874368.0
blackwell/fresh_d_cuda_samples_vector_add/dram/c1,Seen during model building,CUDA-samples kernels at new shapes,Vector add,DRAM,0.00019300291399999999,0.08245452934651452,427.5027321395734,0.000200095001507795,0.000200095001507795,,,0.08444905234155313,0.08347359652422344,0.08444905234155313,0.08347359652422344,0.08444905234155313,0.08347359652422344,0.08444905234155313,0.08347359652422344,0.000200095001507795,0.08444905234155313,0.08347359652422344,,301989888.0,301989888.0,301989888.0,301989888.0
blackwell/fresh_d_cuda_samples_vector_add/dram/c2,Seen during model building,CUDA-samples kernels at new shapes,Vector add,DRAM,0.000193413849,0.08024064468192317,414.517023627659,0.000200095001507795,0.000200095001507795,,,0.08444905234155313,0.08353011710943249,0.08444905234155313,0.08353011710943249,0.08444905234155313,0.08353011710943249,0.08444905234155313,0.08353011710943249,0.000200095001507795,0.08444905234155313,0.08353011710943249,,301989888.0,301989888.0,301989888.0,301989888.0
blackwell/fresh_d_cuda_samples_vector_add/l2/c1,Seen during model building,CUDA-samples kernels at new shapes,Vector add,L2,1.1713190666666665e-05,0.004167047416783602,352.18379515339376,9.498993616674806e-06,9.498993616674806e-06,,,0.003754367731811281,0.004058911547825237,0.003754367731811281,0.004058911547825237,0.003754367731811281,0.004058911547825237,0.003754367731811281,0.004058911547825237,9.498993616674806e-06,0.003754367731811281,0.004058911547825237,,37748736.0,0.0,0.0,37748736.0
blackwell/fresh_d_cuda_samples_vector_add/l2/c2,Seen during model building,CUDA-samples kernels at new shapes,Vector add,L2,7.694301307692309e-06,0.003681317649845185,472.4824662422753,5.790968749999999e-06,5.790968749999999e-06,,,0.003244360710179698,0.0035061477811476364,0.003244360710179698,0.0035061477811476364,0.003244360710179698,0.0035061477811476364,0.003244360710179698,0.0035061477811476364,5.790968749999999e-06,0.003244360710179698,0.0035061477811476364,,37748736.0,0.0,0.0,37748736.0
blackwell/fresh_f_ml_fp32_matmul/large/c1,Predicted before measurement,Unseen ML kernels,FP32 matrix multiply,DRAM,0.0014892507083333333,1.0929957329180864,586.1662555451079,0.003992557544437995,0.001729555844414362,,,1.1355779692673478,0.7912695814822863,0.8243214921738566,0.7912695814822863,1.3768675837158364,0.8935504249999999,1.0377335066486173,0.8935504249999999,0.001729555844414362,1.0377335066486173,0.8935504249999999,,5368709120.0,1107296256.0,5368709120.0,301989888.0
blackwell/fresh_f_ml_fp32_matmul/large/c2,Predicted before measurement,Unseen ML kernels,FP32 matrix multiply,DRAM,0.0018889831296296294,1.1531438730738004,587.6777984456031,0.0036434309664636517,0.002473055337291834,,,0.9395377237305603,0.6982284693311709,0.7785625926874445,0.6982284693311709,1.129693115249568,0.8883838608501784,1.2010856278524278,1.1207515044961542,0.002473055337291834,1.2010856278524278,1.1207515044961542,,4294967296.0,2181038080.0,4294967296.0,301989888.0
blackwell/fresh_f_ml_fp32_matmul/medium/c1,Predicted before measurement,Unseen ML kernels,FP32 matrix multiply,L2,0.00013591212702702702,0.08208220298400662,589.3601449265149,9.422149795043522e-05,9.422149795043522e-05,,,0.04692288051510089,0.05265706901971223,0.04692288051510089,0.05265706901971223,0.05653289877026113,0.06524088169376421,0.05653289877026113,0.06524088169376421,9.422149795043522e-05,0.05653289877026113,0.06524088169376421,,285212672.0,0.0,0.0,20971520.0
blackwell/fresh_f_ml_fp32_matmul/medium/c2,Predicted before measurement,Unseen ML kernels,FP32 matrix multiply,L2,0.00022790203181818184,0.08309583769702725,360.2634005482907,0.00023107954460138209,0.00023107954460138209,,,0.056568694398632643,0.056131654764589006,0.056568694398632643,0.056131654764589006,0.06355970143977263,0.063122661805729,0.06355970143977263,0.063122661805729,0.00023107954460138209,0.06355970143977263,0.063122661805729,,167772160.0,0.0,0.0,20971520.0
blackwell/fresh_f_ml_fp32_matmul/small/c1,Predicted before measurement,Unseen ML kernels,FP32 matrix multiply,L2,2.17311512987013e-05,0.007215975195766487,328.30884470651625,2.4344085594475e-05,2.4344085594475e-05,,,0.0055868369450477635,0.005227450240313609,0.0055868369450477635,0.005227450240313609,0.006435744942900477,0.006076358238166321,0.006435744942900477,0.006076358238166321,2.4344085594475e-05,0.006435744942900477,0.006076358238166321,,20971520.0,0.0,0.0,3145728.0
blackwell/fresh_f_ml_fp32_matmul/small/c2,Predicted before measurement,Unseen ML kernels,FP32 matrix multiply,L2,6.580402666666666e-05,0.01155264792040609,174.44013036872173,6.697249342885686e-05,6.697249342885686e-05,,,0.010871802318181235,0.010711089735421637,0.010871802318181235,0.010711089735421637,0.011520967257715661,0.011360254674956063,0.011520967257715661,0.011360254674956063,6.697249342885686e-05,0.011520967257715661,0.011360254674956063,,16777216.0,0.0,0.0,3145728.0
blackwell/fresh_f_ml_fp32_matmul/xlarge/c1,Predicted before measurement,Unseen ML kernels,FP32 matrix multiply,DRAM,0.002917512888888889,2.1275002631422493,586.0339527421268,0.007172855529446291,0.0031761961030175407,,,2.1037607101160374,1.51847482230085,1.5540544800236278,1.51847482230085,2.547989271815904,1.7505077333333332,1.9057176618105245,1.7505077333333332,0.0031761961030175407,1.9057176618105245,1.7505077333333332,,9663676416.0,1140850688.0,9663676416.0,335544320.0
blackwell/fresh_f_ml_fp32_matmul/xlarge/c2,Predicted before measurement,Unseen ML kernels,FP32 matrix multiply,DRAM,0.003347188,2.060991104818329,584.922073365488,0.005707742731760263,0.003633250114213737,,,1.6077725718884266,1.2830985118616947,1.3224439024988972,1.2830985118616947,1.89859846479985,1.573924404773118,1.8456374390562964,1.8062920484190936,0.003633250114213737,1.8456374390562964,1.8062920484190936,,6442450944.0,2214592512.0,6442450944.0,335544320.0
blackwell/fresh_f_ml_gelu/large/c1,Predicted before measurement,Unseen ML kernels,GELU,DRAM,0.0003635875428571429,0.1646866920530223,452.3445072683723,0.0003651715,0.0003651715,,,0.15995905283643289,0.1597411931149189,0.15995905283643289,0.1597411931149189,0.15995905283643289,0.1597411931149189,0.15995905283643289,0.1597411931149189,0.0003651715,0.15995905283643289,0.1597411931149189,,536870912.0,536870912.0,536870912.0,536870912.0
blackwell/fresh_f_ml_gelu/large/c2,Predicted before measurement,Unseen ML kernels,GELU,DRAM,0.0003650110785714286,0.1570623942034268,430.647277652377,0.0003651715,0.0003651715,,,0.15544162055792726,0.1554195559661477,0.15544162055792726,0.1554195559661477,0.15544162055792726,0.1554195559661477,0.15544162055792726,0.1554195559661477,0.0003651715,0.15544162055792726,0.1554195559661477,,536870912.0,536870912.0,536870912.0,536870912.0
blackwell/fresh_f_ml_gelu/medium/c1,Predicted before measurement,Unseen ML kernels,GELU,L2,7.973849024936063e-06,0.004395779585958261,543.2984910166166,6.59931108939912e-06,6.59931108939912e-06,,,0.003616559226396689,0.003805615131852757,0.003616559226396689,0.003805615131852757,0.003616559226396689,0.003805615131852757,0.003616559226396689,0.003805615131852757,6.59931108939912e-06,0.003616559226396689,0.003805615131852757,,33554432.0,0.0,0.0,33554432.0
blackwell/fresh_f_ml_gelu/medium/c2,Predicted before measurement,Unseen ML kernels,GELU,L2,4.749910383275261e-06,0.002932738386415271,591.9939209702628,4.8643e-06,4.8643e-06,,,0.00291858,0.0028499462299651566,0.00291858,0.0028499462299651566,0.00291858,0.0028499462299651566,0.00291858,0.0028499462299651566,4.8643e-06,0.00291858,0.0028499462299651566,,33554432.0,0.0,0.0,33554432.0
blackwell/fresh_f_ml_gelu/small/c1,Predicted before measurement,Unseen ML kernels,GELU,L2,2.371738842431645e-06,0.001203898957818872,501.1476615120289,2.249787298485589e-06,2.249787298485589e-06,,,0.0009866590943671673,0.001003432483421345,0.0009866590943671673,0.001003432483421345,0.0009866590943671673,0.001003432483421345,0.0009866590943671673,0.001003432483421345,2.249787298485589e-06,0.0009866590943671673,0.001003432483421345,,8388608.0,0.0,0.0,8388608.0
blackwell/fresh_f_ml_gelu/small/c2,Predicted before measurement,Unseen ML kernels,GELU,L2,1.7154685613386026e-06,0.0010391874421341815,592.4900463898607,1.8163000000000003e-06,1.8163000000000003e-06,,,0.0008564517545507327,0.0008425832548595096,0.0008564517545507327,0.0008425832548595096,0.0008564517545507327,0.0008425832548595096,0.0008564517545507327,0.0008425832548595096,1.8163000000000003e-06,0.0008564517545507327,0.0008425832548595096,,8388608.0,0.0,0.0,8388608.0
blackwell/fresh_f_ml_gelu/xlarge/c1,Predicted before measurement,Unseen ML kernels,GELU,DRAM,0.0007225220785714286,0.32696719855000644,452.18963152845464,0.0007295427,0.0007295427,,,0.31980803127097057,0.3188424049999689,0.31980803127097057,0.3188424049999689,0.31980803127097057,0.3188424049999689,0.31980803127097057,0.3188424049999689,0.0007295427,0.31980803127097057,0.3188424049999689,,1073741824.0,1073741824.0,1073741824.0,1073741824.0
blackwell/fresh_f_ml_gelu/xlarge/c2,Predicted before measurement,Unseen ML kernels,GELU,DRAM,0.0007281421642857142,0.31217880627280253,428.7390491436162,0.0007295427,0.0007295427,,,0.3107731667139593,0.3105805350369846,0.3107731667139593,0.3105805350369846,0.3107731667139593,0.3105805350369846,0.3107731667139593,0.3105805350369846,0.0007295427,0.3107731667139593,0.3105805350369846,,1073741824.0,1073741824.0,1073741824.0,1073741824.0
blackwell/fresh_f_ml_rmsnorm/large/c1,Predicted before measurement,Unseen ML kernels,RMSNorm,DRAM,0.0003665722178571429,0.16768646382799962,457.2663592924623,0.0003653318193780448,0.0003653318193780448,,,0.15402185457132264,0.1541924607448806,0.15402185457132264,0.1541924607448806,0.17052720148663758,0.17069780766019552,0.17052720148663758,0.17069780766019552,0.0003653318193780448,0.17052720148663758,0.17069780766019552,,883474772.7872,536887296.0,536887296.0,536887296.0
blackwell/fresh_f_ml_rmsnorm/large/c2,Predicted before measurement,Unseen ML kernels,RMSNorm,DRAM,0.00040269687307692306,0.16518719468306514,422.19835372192955,0.00036523887077656564,0.00036523887077656564,,,0.15151045743452418,0.15666248442365432,0.15151045743452418,0.15666248442365432,0.170857588789145,0.17600961577827512,0.170857588789145,0.17600961577827512,0.00036523887077656564,0.170857588789145,0.17600961577827512,,943147974.656,536887296.0,536887296.0,536887296.0
blackwell/fresh_f_ml_rmsnorm/medium/c1,Predicted before measurement,Unseen ML kernels,RMSNorm,L2,6.185792060491493e-06,0.0038044337874142916,592.5485292537878,5.311127206005954e-06,5.311127206005954e-06,,,0.0031866763236035726,0.0034466733798999335,0.0031866763236035726,0.0034466733798999335,0.0031866763236035726,0.003711475236294896,0.0031866763236035726,0.003711475236294896,5.311127206005954e-06,0.0031866763236035726,0.003711475236294896,,51391129.190400004,0.0,0.0,33562624.0
blackwell/fresh_f_ml_rmsnorm/medium/c2,Predicted before measurement,Unseen ML kernels,RMSNorm,L2,6.690910940803383e-06,0.0037422107705081344,553.0183245410506,5.5239525377026495e-06,5.5239525377026495e-06,,,0.003072739871184707,0.0032332449920867315,0.003072739871184707,0.0032332449920867315,0.0033143715226215897,0.00401454656448203,0.0033143715226215897,0.00401454656448203,5.5239525377026495e-06,0.0033143715226215897,0.00401454656448203,,54525532.5696,0.0,0.0,33562624.0
blackwell/fresh_f_ml_rmsnorm/small/c1,Predicted before measurement,Unseen ML kernels,RMSNorm,L2,2.4044371593533487e-06,0.001453171436519615,592.0290871784781,1.9140373875405968e-06,1.9140373875405968e-06,,,0.0010517437874542374,0.0011191940705628602,0.0010517437874542374,0.0011191940705628602,0.001148422432524358,0.0013187420673007567,0.001148422432524358,0.0013187420673007567,1.9140373875405968e-06,0.001148422432524358,0.0013187420673007567,,12582912.0,0.0,0.0,8392704.0
blackwell/fresh_f_ml_rmsnorm/small/c2,Predicted before measurement,Unseen ML kernels,RMSNorm,L2,2.746180017249744e-06,0.001222057555389766,440.3993537349098,2.0977870011884964e-06,2.0977870011884964e-06,,,0.0009492713330642572,0.0010384522320221058,0.0009492713330642572,0.0010384522320221058,0.0011488193298021534,0.001238000228760002,0.0011488193298021534,0.001238000228760002,2.0977870011884964e-06,0.0011488193298021534,0.001238000228760002,,12582912.0,0.0,0.0,8392704.0
blackwell/fresh_f_ml_rmsnorm/xlarge/c1,Predicted before measurement,Unseen ML kernels,RMSNorm,DRAM,0.00073594535,0.3360350432901308,455.91776994441864,0.0007298531671176623,0.0007298531671176623,,,0.30792942938772894,0.3087673568986742,0.30792942938772894,0.3087673568986742,0.34094090346468037,0.3417788309756256,0.34094090346468037,0.3417788309756256,0.0007298531671176623,0.34094090346468037,0.3417788309756256,,1766949545.5744,1073758208.0,1073758208.0,1073758208.0
blackwell/fresh_f_ml_rmsnorm/xlarge/c2,Predicted before measurement,Unseen ML kernels,RMSNorm,DRAM,0.0008144187936507937,0.32985831979769054,419.494914315981,0.0007296601200222825,0.0007296601200222825,,,0.3029056517077445,0.31456348040334464,0.3029056517077445,0.31456348040334464,0.3416006946633077,0.35325852335890784,0.3416006946633077,0.35325852335890784,0.0007296601200222825,0.3416006946633077,0.35325852335890784,,1886295949.312,1073758208.0,1073758208.0,1073758208.0
blackwell/fresh_f_ml_rotary_embedding/large/c1,Predicted before measurement,Unseen ML kernels,Rotary embedding,DRAM,0.0003655750821428571,0.152686286916782,417.8394296182222,0.0003860126977251898,0.0003664735094926031,,,0.15764942228621318,0.15483840352901052,0.154961974506356,0.15483840352901052,0.1591474952236003,0.15633647646639767,0.15646004744374314,0.15633647646639767,0.0003664735094926031,0.15646004744374314,0.15633647646639767,,570425344.0,538968064.0,570425344.0,538968064.0
blackwell/fresh_f_ml_rotary_embedding/large/c2,Predicted before measurement,Unseen ML kernels,Rotary embedding,DRAM,0.0003657657071428572,0.16914126055717404,462.4624568958256,0.00053225283735412,0.0003664735094926031,,,0.17801428178690215,0.1551154047642195,0.15521275690755112,0.1551154047642195,0.1906979659901133,0.16779908896743062,0.16789644111076224,0.16779908896743062,0.0003664735094926031,0.16789644111076224,0.16779908896743062,,805306368.0,538968064.0,805306368.0,538968064.0
blackwell/fresh_f_ml_rotary_embedding/medium/c1,Predicted before measurement,Unseen ML kernels,Rotary embedding,L2,5.046745562130177e-06,0.0031214829882165772,591.781384998839,4.846418306658476e-06,4.846418306658476e-06,,,0.0029078509839950855,0.0030280473372781063,0.0029078509839950855,0.0030280473372781063,0.0029078509839950855,0.0030280473372781063,0.0029078509839950855,0.0030280473372781063,4.846418306658476e-06,0.0029078509839950855,0.0030280473372781063,,35651584.0,0.0,0.0,34603008.0
blackwell/fresh_f_ml_rotary_embedding/medium/c2,Predicted before measurement,Unseen ML kernels,Rotary embedding,L2,1.5288139380196522e-05,0.005773293861667126,373.2337241005553,1.2398676143950495e-05,1.2398676143950495e-05,,,0.00413386125918285,0.0045312821482593815,0.00413386125918285,0.0045312821482593815,0.0048828977278764195,0.005280318616952951,0.0048828977278764195,0.005280318616952951,1.2398676143950495e-05,0.0048828977278764195,0.005280318616952951,,50331648.0,0.0,0.0,34603008.0
blackwell/fresh_f_ml_rotary_embedding/small/c1,Predicted before measurement,Unseen ML kernels,Rotary embedding,L2,1.2675184670472756e-06,0.0005738925139782163,448.47151657716927,1.3060647883323095e-06,1.3060647883323095e-06,,,0.00048124498406114906,0.00047594326812873584,0.00048124498406114906,0.00047594326812873584,0.00048748695463359545,0.00048218523870118224,0.00048748695463359545,0.00048218523870118224,1.3060647883323095e-06,0.00048748695463359545,0.00048218523870118224,,4456448.0,0.0,0.0,4325376.0
blackwell/fresh_f_ml_rotary_embedding/small/c2,Predicted before measurement,Unseen ML kernels,Rotary embedding,L2,2.1942860766629085e-06,0.0009854802040910422,445.1042831238154,2.249787298485589e-06,2.249787298485589e-06,,,0.0006130051597938505,0.0006053714426920332,0.0006130051597938505,0.0006053714426920332,0.0007066347183805467,0.0006990010012787294,0.0007066347183805467,0.0006990010012787294,2.249787298485589e-06,0.0007066347183805467,0.0006990010012787294,,6291456.0,0.0,0.0,4325376.0
blackwell/fresh_f_ml_rotary_embedding/xlarge/c1,Predicted before measurement,Unseen ML kernels,Rotary embedding,DRAM,0.0007278905071428571,0.3013762135908883,413.86398864293227,0.0007712250954503795,0.0007308446894113912,,,0.31482955975337423,0.30886925875459226,0.30927558119155124,0.30886925875459226,0.3179255771573077,0.31196527615852565,0.3123715985954847,0.31196527615852565,0.0007308446894113912,0.3123715985954847,0.31196527615852565,,1140850688.0,1075838976.0,1140850688.0,1075838976.0
blackwell/fresh_f_ml_rotary_embedding/xlarge/c2,Predicted before measurement,Unseen ML kernels,Rotary embedding,DRAM,0.0007318002428571428,0.3400142209161713,464.54156898439464,0.0010637053747082398,0.0007308446894113912,,,0.35555927875475224,0.3099085741758983,0.3097771459939415,0.3099085741758983,0.3810265186903336,0.3353758141114797,0.33524438592952294,0.3353758141114797,0.0007308446894113912,0.33524438592952294,0.3353758141114797,,1610612736.0,1075838976.0,1610612736.0,1075838976.0
blackwell/fresh_f_ml_swiglu/large/c1,Predicted before measurement,Unseen ML kernels,SwiGLU gate,DRAM,0.0002633785625,0.11314807655871041,428.54933572521037,0.00026652656867706,0.00026652656867706,,,0.113407997203123,0.11297501594971518,0.113407997203123,0.11297501594971518,0.113407997203123,0.11297501594971518,0.113407997203123,0.11297501594971518,0.00026652656867706,0.113407997203123,0.11297501594971518,,402653184.0,402653184.0,402653184.0,402653184.0
blackwell/fresh_f_ml_swiglu/large/c2,Predicted before measurement,Unseen ML kernels,SwiGLU gate,DRAM,0.00026455377368421056,0.10975504996484874,414.3591221262894,0.00026652656867706,0.00026652656867706,,,0.11096286879147038,0.11069152775823317,0.11096286879147038,0.11069152775823317,0.11096286879147038,0.11069152775823317,0.11096286879147038,0.11069152775823317,0.00026652656867706,0.11096286879147038,0.11069152775823317,,402653184.0,402653184.0,402653184.0,402653184.0
blackwell/fresh_f_ml_swiglu/medium/c1,Predicted before measurement,Unseen ML kernels,SwiGLU gate,L2,4.275888874958208e-06,0.0025723747425784463,591.2944496423652,3.6996285621234324e-06,3.6996285621234324e-06,,,0.002193632608733651,0.002272892272948606,0.002193632608733651,0.002272892272948606,0.002193632608733651,0.002272892272948606,0.002193632608733651,0.002272892272948606,3.6996285621234324e-06,0.002193632608733651,0.002272892272948606,,25165824.0,0.0,0.0,25165824.0
blackwell/fresh_f_ml_swiglu/medium/c2,Predicted before measurement,Unseen ML kernels,SwiGLU gate,L2,2.9437921955806303e-06,0.0018056558468863575,592.432895792378,3.007755076301066e-06,3.007755076301066e-06,,,0.0018046530457806395,0.0017662753173483781,0.0018046530457806395,0.0017662753173483781,0.0018046530457806395,0.0017662753173483781,0.0018046530457806395,0.0017662753173483781,3.007755076301066e-06,0.0018046530457806395,0.0017662753173483781,,25165824.0,0.0,0.0,25165824.0
blackwell/fresh_f_ml_swiglu/small/c1,Predicted before measurement,Unseen ML kernels,SwiGLU gate,L2,1.4390675838694854e-06,0.0007615991772393895,523.142342079398,1.5248666666666666e-06,1.5248666666666666e-06,,,0.0006309274399514078,0.0006191265118968577,0.0006309274399514078,0.0006191265118968577,0.0006309274399514078,0.0006191265118968577,0.0006309274399514078,0.0006191265118968577,1.5248666666666666e-06,0.0006309274399514078,0.0006191265118968577,,6291456.0,0.0,0.0,6291456.0
blackwell/fresh_f_ml_swiglu/small/c2,Predicted before measurement,Unseen ML kernels,SwiGLU gate,L2,1.3550199110243055e-06,0.0006256952153481541,457.192070416413,1.3521637690752666e-06,1.3521637690752666e-06,,,0.0005689685059978549,0.0005693613438296283,0.0005689685059978549,0.0005693613438296283,0.0005689685059978549,0.0005693613438296283,0.0005689685059978549,0.0005693613438296283,1.3521637690752666e-06,0.0005689685059978549,0.0005693613438296283,,6291456.0,0.0,0.0,6291456.0
blackwell/fresh_f_ml_swiglu/xlarge/c1,Predicted before measurement,Unseen ML kernels,SwiGLU gate,DRAM,0.0005297613421052632,0.22568415673030207,425.8958977917339,0.00053225283735412,0.00053225283735412,,,0.2267059200043508,0.22636323619909945,0.2267059200043508,0.22636323619909945,0.2267059200043508,0.22636323619909945,0.2267059200043508,0.22636323619909945,0.00053225283735412,0.2267059200043508,0.22636323619909945,,805306368.0,805306368.0,805306368.0,805306368.0
blackwell/fresh_f_ml_swiglu/xlarge/c2,Predicted before measurement,Unseen ML kernels,SwiGLU gate,DRAM,0.000530841947368421,0.21693098139882913,408.57331555494426,0.00053225283735412,0.00053225283735412,,,0.22181566318104556,0.22162160736283273,0.22181566318104556,0.22162160736283273,0.22181566318104556,0.22162160736283273,0.22181566318104556,0.22162160736283273,0.00053225283735412,0.22181566318104556,0.22162160736283273,,805306368.0,805306368.0,805306368.0,805306368.0
blackwell/fresh_g_ml_tensor_matmul/large/c1,Predicted before measurement,Tensor-core matrix multiply,Tensor-core matrix multiply,DRAM,0.0002964069588235294,0.20678954094321317,584.400322721255,0.0009299421466170169,0.00033270397102758094,,,0.26423706309277933,0.1770997309974014,0.18209207375504693,0.1770997309974014,0.3145723137889872,0.17784417529411764,0.19962238261654855,0.17784417529411764,0.00033270397102758094,0.19962238261654855,0.17784417529411764,,1342177280.0,285212672.0,1342177280.0,285212672.0
blackwell/fresh_g_ml_tensor_matmul/large/c2,Predicted before measurement,Tensor-core matrix multiply,Tensor-core matrix multiply,DRAM,0.0003689395357142857,0.2660357921222439,585.8156237640399,0.0015721521002696954,0.0004294700131396918,,,0.3675397501008709,0.20204818019430373,0.210373628275064,0.20204818019430373,0.46900922372655984,0.2213637214285714,0.25768200788381507,0.2213637214285714,0.0004294700131396918,0.25768200788381507,0.2213637214285714,,2415919104.0,285212672.0,2415919104.0,285212672.0
blackwell/fresh_g_ml_tensor_matmul/medium/c1,Predicted before measurement,Tensor-core matrix multiply,Tensor-core matrix multiply,L2,5.67415625e-05,0.017761470901323826,309.1572789278958,4.485804301142586e-05,4.485804301142586e-05,,,0.01190282686522997,0.013537303061799687,0.01190282686522997,0.013537303061799687,0.014699229681685962,0.01633370587825568,0.014699229681685962,0.01633370587825568,4.485804301142586e-05,0.014699229681685962,0.01633370587825568,,71303168.0,0.0,0.0,12582912.0
blackwell/fresh_g_ml_tensor_matmul/medium/c2,Predicted before measurement,Tensor-core matrix multiply,Tensor-core matrix multiply,L2,3.20548673015873e-05,0.019525572983624506,592.1352416444576,2.0296980810224362e-05,2.0296980810224362e-05,,,0.009435813919480052,0.01105301037466988,0.009435813919480052,0.01105301037466988,0.012178188486134618,0.01704530212421844,0.012178188486134618,0.01704530212421844,2.0296980810224362e-05,0.012178188486134618,0.01704530212421844,,138412032.0,0.0,0.0,12582912.0
blackwell/fresh_g_ml_tensor_matmul/small/c1,Predicted before measurement,Tensor-core matrix multiply,Tensor-core matrix multiply,L2,1.5605209338280767e-05,0.0026109834293719094,166.7524063529424,1.2656397275317009e-05,1.2656397275317009e-05,,,0.0021823648083101515,0.0025879486195460443,0.0021823648083101515,0.0025879486195460443,0.0023321721020488654,0.0027377559132847583,0.0023321721020488654,0.0027377559132847583,1.2656397275317009e-05,0.0023321721020488654,0.0027377559132847583,,5242880.0,0.0,0.0,2097152.0
blackwell/fresh_g_ml_tensor_matmul/small/c2,Predicted before measurement,Tensor-core matrix multiply,Tensor-core matrix multiply,L2,7.508703519061584e-06,0.0019118604661395944,252.92368086780974,7.54483468358333e-06,7.54483468358333e-06,,,0.0015377984247282317,0.0015328288928970328,0.0015377984247282317,0.0015328288928970328,0.0018873487767852308,0.001882379244954032,0.0018873487767852308,0.001882379244954032,7.54483468358333e-06,0.0018873487767852308,0.001882379244954032,,9437184.0,0.0,0.0,2097152.0
blackwell/fresh_g_ml_tensor_matmul/xlarge/c1,Predicted before measurement,Tensor-core matrix multiply,Tensor-core matrix multiply,DRAM,0.0005400394263157895,0.37430019773527606,583.4664362124987,0.001656219178376609,0.0005174882463821399,,,0.44736448016603303,0.2938435272538418,0.2907418058453356,0.2938435272538418,0.5480349815584488,0.3240236557894737,0.31049294782928394,0.3240236557894737,0.0005174882463821399,0.31049294782928394,0.3240236557894737,,2415919104.0,301989888.0,2415919104.0,301989888.0
blackwell/fresh_g_ml_tensor_matmul/xlarge/c2,Predicted before measurement,Tensor-core matrix multiply,Tensor-core matrix multiply,DRAM,0.0006818858684210526,0.4890818917237152,583.8564858829766,0.002941722001594465,0.0007169542868175622,,,0.6535937243267538,0.3427726438066695,0.34759600402209667,0.3427726438066695,0.8565326715781316,0.40913152105263156,0.43017257209053733,0.40913152105263156,0.0007169542868175622,0.43017257209053733,0.40913152105263156,,4563402752.0,301989888.0,4563402752.0,301989888.0
blackwell/fresh_h_ml_fused_attention/large/c1,Predicted before measurement,Fused attention,Fused attention,DRAM,0.00126105805,0.8445618575060362,576.3841262434187,0.0030163867439083614,0.0011065134505050729,,,0.9314239082696556,0.6899934995336262,0.6639080703030437,0.6899934995336262,1.1327649110544873,0.75663483,0.6639080703030437,0.75663483,0.0011065134505050729,0.6639080703030437,0.75663483,,4563402752.0,335544320.0,4496293888.0,335544320.0
blackwell/fresh_h_ml_fused_attention/large/c2,Predicted before measurement,Fused attention,Fused attention,DRAM,0.0010802078210526316,0.7107683348290839,575.1475762240051,0.0017293373927910523,0.0008427613125233074,,,0.7248066089140555,0.6355244030392665,0.5056567875139845,0.6355244030392665,0.8238791658399249,0.648124692631579,0.5056567875139845,0.648124692631579,0.0008427613125233074,0.5056567875139845,0.648124692631579,,2415919104.0,335544320.0,2348810240.0,335544320.0
blackwell/fresh_h_ml_fused_attention/medium/c1,Predicted before measurement,Fused attention,Fused attention,L2,8.931950850340136e-05,0.057122769893796534,589.7503493687982,6.86149262891264e-05,6.86149262891264e-05,,,0.040367087229502066,0.04321482495751194,0.040367087229502066,0.04321482495751194,0.041168955773475846,0.05359170510204082,0.041168955773475846,0.05359170510204082,6.86149262891264e-05,0.041168955773475846,0.05359170510204082,,301989888.0,0.0,0.0,41943040.0
blackwell/fresh_h_ml_fused_attention/medium/c2,Predicted before measurement,Fused attention,Fused attention,L2,7.522525757575757e-05,0.04767427609952351,589.8790071737577,5.195698296198102e-05,5.195698296198102e-05,,,0.03117418977718861,0.039422694484118864,0.03117418977718861,0.039422694484118864,0.03117418977718861,0.04513515454545454,0.03117418977718861,0.04513515454545454,5.195698296198102e-05,0.03117418977718861,0.04513515454545454,,164820680.704,0.0,0.0,41943040.0
blackwell/fresh_h_ml_fused_attention/small/c1,Predicted before measurement,Fused attention,Fused attention,L2,1.1700451119232527e-05,0.004893730470520493,413.0692699229971,7.3532349299858525e-06,7.3532349299858525e-06,,,0.0030993514666883314,0.0036972737732489406,0.0030993514666883314,0.0036972737732489406,0.003805788358816126,0.004403710665376735,0.003805788358816126,0.004403710665376735,7.3532349299858525e-06,0.003805788358816126,0.004403710665376735,,20076992.9216,0.0,0.0,5242880.0
blackwell/fresh_h_ml_fused_attention/small/c2,Predicted before measurement,Fused attention,Fused attention,L2,1.5324995629897528e-05,0.004629124440877983,300.50403490799533,1.0988702103518654e-05,1.0988702103518654e-05,,,0.0034830397951143856,0.004079459783066628,0.0034830397951143856,0.004079459783066628,0.0037910198715530065,0.004387439859505248,0.0037910198715530065,0.004387439859505248,1.0988702103518654e-05,0.0037910198715530065,0.004387439859505248,,11709998.6944,0.0,0.0,5242880.0
blackwell/fresh_h_ml_fused_attention/xlarge/c1,Predicted before measurement,Fused attention,Fused attention,DRAM,0.002510443125,1.6826166147904302,573.3474021595365,0.006031973187816722,,inter-block reuse per-wave working set 256.0 MiB exceeds the L2 capacity 128.0 MiB; the L2-captures-reuse assumption fails (refused),,1.862737742137416,1.378381481459527,,1.378381481459527,2.265419747707079,1.5062658750000002,,,,,,inter-block reuse whole-launch working set 256.0 MiB exceeds the L2 capacity 128.0 MiB; the L2-captures-reuse assumption fails (refused),,,8992587776.0,671088640.0
blackwell/fresh_h_ml_fused_attention/xlarge/c2,Predicted before measurement,Fused attention,Fused attention,DRAM,0.0021449419583333333,1.4085789594463618,571.1273577198789,0.0034578744855821046,,inter-block reuse per-wave working set 188.0 MiB exceeds the L2 capacity 128.0 MiB; the L2-captures-reuse assumption fails (refused),,1.4495031434262156,1.2689205335728344,,1.2689205335728344,1.6476482572779547,1.286965175,,,,,,inter-block reuse whole-launch working set 256.0 MiB exceeds the L2 capacity 128.0 MiB; the L2-captures-reuse assumption fails (refused),,,4697620480.0,671088640.0
