cell_id,operator,energy_j,runtime_s,runtime_pred_s,window_power_w,source
blackwell/fresh_e_cuda_samples_fast_walsh_transform/large/c1,fast Walsh transform,0.04376222237726595,7.533261691542288e-05,7.983714182003873e-05,571.4233237106047,target
blackwell/fresh_e_cuda_samples_fast_walsh_transform/large/c2,fast Walsh transform,0.042582524290645525,7.183794285714286e-05,7.679275567573845e-05,583.4577551172202,target
blackwell/fresh_e_cuda_samples_fast_walsh_transform/medium/c1,fast Walsh transform,0.021802063399743,3.895040697674419e-05,4.119742783786922e-05,551.4470512170424,target
blackwell/fresh_e_cuda_samples_fast_walsh_transform/medium/c2,fast Walsh transform,0.02024192531691119,3.589375119047619e-05,3.7855320910019365e-05,555.0416497584175,target
blackwell/fresh_e_cuda_samples_fast_walsh_transform/small/c1,fast Walsh transform,0.0014372658017939,5.680018095238096e-06,6.263147629988089e-06,250.30894965682478,target
blackwell/fresh_e_cuda_samples_fast_walsh_transform/small/c2,fast Walsh transform,0.0012687999260771487,4.994195448460509e-06,6.121253618125864e-06,250.96956996671608,target
blackwell/fresh_e_cuda_samples_fast_walsh_transform/xlarge/c1,fast Walsh transform,1.2379182383341538,0.0032279778,0.00333642609786626,379.70854109573065,target
blackwell/fresh_e_cuda_samples_fast_walsh_transform/xlarge/c2,fast Walsh transform,1.1164815502998726,0.002921752,0.0029912003709044676,382.08350125582496,target
blackwell/fresh_e_cuda_samples_scalar_product/large/c1,scalar product,0.004519541927144859,1.020424812542604e-05,9.158879019258752e-06,437.4466963215427,target
blackwell/fresh_e_cuda_samples_scalar_product/large/c2,scalar product,0.004319073612027715,7.73879063146998e-06,6.395360150432064e-06,550.0595532948892,target
blackwell/fresh_e_cuda_samples_scalar_product/medium/c1,scalar product,0.003131305755745444,7.412144873699851e-06,6.5072224416858906e-06,418.21783148589606,target
blackwell/fresh_e_cuda_samples_scalar_product/medium/c2,scalar product,0.003019820513592173,5.533398558758315e-06,4.5899769892093225e-06,538.0513809715553,target
blackwell/fresh_e_cuda_samples_scalar_product/small/c1,scalar product,0.001103707980531346,3.899985393844548e-06,3.648073383803081e-06,281.6968766818871,target
blackwell/fresh_e_cuda_samples_scalar_product/small/c2,scalar product,0.0010956265219045185,2.645900709219858e-06,1.8819035401174147e-06,409.0947133595426,target
blackwell/fresh_e_cuda_samples_scalar_product/xlarge/c1,scalar product,0.0660156804201156,0.00016740443888888887,0.00024295769921920104,394.24105780706594,target
blackwell/fresh_e_cuda_samples_scalar_product/xlarge/c2,scalar product,0.06608796784514745,0.00016632670967741935,0.0001654807591330142,397.4455067311673,target
blackwell/unseen_cuda_samples_black_scholes/large/c1,Black-Scholes,0.004906941018591856,6.67763217623498e-06,5.9693510434651926e-06,587.7408663207251,target
blackwell/unseen_cuda_samples_black_scholes/large/c2,Black-Scholes,0.006105773802268427,9.763385416666667e-06,8.049152353036964e-06,588.7861520188201,target
blackwell/unseen_cuda_samples_black_scholes/medium/c1,Black-Scholes,0.002129048980979352,3.0849745815251085e-06,2.867920417386077e-06,590.5568994565964,target
blackwell/unseen_cuda_samples_black_scholes/medium/c2,Black-Scholes,0.0026612476606788344,4.265981735159817e-06,3.6996285621234324e-06,592.3301835794301,target
blackwell/unseen_cuda_samples_black_scholes/small/c1,Black-Scholes,0.0009488043796182787,1.563182861328125e-06,1.3172051043465194e-06,591.9130602303258,target
blackwell/unseen_cuda_samples_black_scholes/small/c2,Black-Scholes,0.0009720506448012627,1.6047296875e-06,1.5248666666666666e-06,591.7837053583469,target
blackwell/unseen_cuda_samples_black_scholes/xlarge/c1,Black-Scholes,0.07931117399411487,0.00016009633854166666,0.00016873559501215076,495.72929114830606,target
blackwell/unseen_cuda_samples_black_scholes/xlarge/c2,Black-Scholes,0.08033536589129185,0.0001614902365591398,0.00016873559501215076,497.614623764477,target
blackwell/unseen_cuda_samples_matrix_multiply/large/c1,tiled matrix multiply,0.9975643057631632,0.0016387665,0.0019743132378765736,590.2390472344815,target
blackwell/unseen_cuda_samples_matrix_multiply/large/c2,tiled matrix multiply,0.8512033889614531,0.0017121332777777778,0.002087576742480005,487.5936522386295,target
blackwell/unseen_cuda_samples_matrix_multiply/medium/c1,tiled matrix multiply,0.1371167905014917,0.00022678642424242427,0.00025956988227024576,590.68138331451,target
blackwell/unseen_cuda_samples_matrix_multiply/medium/c2,tiled matrix multiply,0.11292138878393528,0.000229176,0.00027424460238110836,482.6546606922154,target
blackwell/unseen_cuda_samples_matrix_multiply/small/c1,tiled matrix multiply,0.005818386290423353,1.230016420361248e-05,1.2296284092702856e-05,466.61658980435845,target
blackwell/unseen_cuda_samples_matrix_multiply/small/c2,tiled matrix multiply,0.004757885707219254,1.3607781876138434e-05,1.6569483592948e-05,345.4347777246892,target
blackwell/unseen_cuda_samples_matrix_multiply/xlarge/c1,tiled matrix multiply,8.480777985863886,0.014021386333333332,0.029688500519046774,584.5821607600969,target
blackwell/unseen_cuda_samples_matrix_multiply/xlarge/c2,tiled matrix multiply,7.348090635111881,0.0150848635,0.02489480649405704,479.0028558936873,target
blackwell/unseen_cuda_samples_scan/large/c1,prefix-sum scan,0.00852159710247995,1.5613816145833334e-05,1.9464145126026446e-05,538.7792943358916,target
blackwell/unseen_cuda_samples_scan/large/c2,prefix-sum scan,0.008618692435441559,1.5813198839662447e-05,1.9674557880119517e-05,537.9803874479276,target
blackwell/unseen_cuda_samples_scan/medium/c1,prefix-sum scan,0.0031615811793024176,7.191574340527578e-06,8.374913370843805e-06,435.34157028519905,target
blackwell/unseen_cuda_samples_scan/medium/c2,prefix-sum scan,0.0032645312429960024,7.392347140039448e-06,8.58532612493688e-06,437.40939805841407,target
blackwell/unseen_cuda_samples_scan/small/c1,prefix-sum scan,0.0006764718125414723,3.459816920943134e-06,3.8893842742572734e-06,194.33815375413974,target
blackwell/unseen_cuda_samples_scan/small/c2,prefix-sum scan,0.0006950877115524394,3.6566686217008796e-06,4.099797028350349e-06,189.4721043653297,target
blackwell/unseen_cuda_samples_scan/xlarge/c1,prefix-sum scan,0.13797492994912258,0.0003602247738095238,0.00040232684032084367,382.76211976946144,target
blackwell/unseen_cuda_samples_scan/xlarge/c2,prefix-sum scan,0.1378446907237908,0.0003603683928571429,0.0004025372530749368,382.40852573406664,target
blackwell/unseen_cuda_samples_separable_convolution/large/c1,separable convolution,0.011648333125395144,1.9308498712998712e-05,1.6567179826625053e-05,588.4889675074359,target
blackwell/unseen_cuda_samples_separable_convolution/large/c2,separable convolution,0.011685845482794943,1.9294661518661516e-05,1.6566451507472266e-05,590.2690126570519,target
blackwell/unseen_cuda_samples_separable_convolution/medium/c1,separable convolution,0.004023865567551662,7.462529147982063e-06,6.354517196054346e-06,531.105328853144,target
blackwell/unseen_cuda_samples_separable_convolution/medium/c2,separable convolution,0.003993204733471478,7.349883161512027e-06,6.354153681350757e-06,535.8268332751951,target
blackwell/unseen_cuda_samples_separable_convolution/small/c1,separable convolution,0.000858218703882847,2.98475998003992e-06,2.4168099136014046e-06,285.6122719581134,target
blackwell/unseen_cuda_samples_separable_convolution/small/c2,separable convolution,0.0008528602195835704,2.9862363020522014e-06,2.4168099136014046e-06,283.8976221399351,target
blackwell/unseen_cuda_samples_separable_convolution/xlarge/c1,separable convolution,0.1364568594256589,0.00027005192105263156,0.00030572462160334855,505.227221420962,target
blackwell/unseen_cuda_samples_separable_convolution/xlarge/c2,separable convolution,0.13609283540778247,0.00026848252631578946,0.00030564311900346786,506.95765014313287,target
blackwell/alt_cuda_samples_copy/large/c1,transpose.cu,0.155325819143744,0.00036126953804457705,0.0003651715,429.9444120986983,dev
blackwell/alt_cuda_samples_copy/large/c2,transpose.cu,0.160177467729409,0.00036132733620449165,0.00033061761174541887,443.302932493204,dev
blackwell/alt_cuda_samples_copy/medium/c1,transpose.cu,0.0030135479742805695,5.163301961685018e-06,5.8034722862493445e-06,583.6474404640694,dev
blackwell/alt_cuda_samples_copy/medium/c2,transpose.cu,0.0031506638399397243,5.397358639145226e-06,6.670552772378835e-06,583.7417986436958,dev
blackwell/alt_cuda_samples_copy/small/c1,transpose.cu,0.0009914099895808352,1.8682704652552763e-06,2.0510930715623364e-06,530.6565660691805,dev
blackwell/alt_cuda_samples_copy/small/c2,transpose.cu,0.001095756941853621,1.9507135152539327e-06,2.267863193094709e-06,561.7211001436988,dev
blackwell/alt_cuda_samples_reduction/large/c1,reduction_kernel.cu,0.03187891546585413,6.0505977957129114e-05,0.00012077502783463639,526.8721627545893,dev
blackwell/alt_cuda_samples_reduction/large/c2,reduction_kernel.cu,0.028570219200700075,6.094692908565112e-05,5.313467593428699e-05,468.77208793488546,dev
blackwell/alt_cuda_samples_reduction/large/c3,reduction_kernel.cu,0.015614930505693729,7.80080906218812e-05,0.0001572774283659268,200.17065385412414,dev
blackwell/alt_cuda_samples_reduction/medium/c1,reduction_kernel.cu,0.002177255400614339,4.588743521082873e-06,8.326873191074329e-06,474.47746656813365,dev
blackwell/alt_cuda_samples_reduction/medium/c2,reduction_kernel.cu,0.001949579432420441,4.642730126980365e-06,4.0993511973024915e-06,419.92090410140827,dev
blackwell/alt_cuda_samples_reduction/medium/c3,reduction_kernel.cu,0.0010842368800623903,5.650857835117026e-06,1.06765338346768e-05,191.87120109878614,dev
blackwell/alt_cuda_samples_reduction/small/c1,reduction_kernel.cu,0.00024416883450001375,1.1213461885517448e-06,1.4770672749757903e-06,217.74616705601485,dev
blackwell/alt_cuda_samples_reduction/small/c2,reduction_kernel.cu,0.00023699347806476628,1.1596670343925514e-06,1.2126868707143354e-06,204.3633827953957,dev
blackwell/alt_cuda_samples_reduction/small/c3,reduction_kernel.cu,0.00017567218209152348,1.0752025400563133e-06,1.513977926473677e-06,163.38520004084322,dev
blackwell/alt_cuda_samples_transposefine/large/c1,transpose.cu,0.14626474096831632,0.0003613329248024401,0.00033061761174541887,404.7921762133551,dev
blackwell/alt_cuda_samples_transposefine/large/c2,transpose.cu,0.15033617855631323,0.0003749979621097088,0.00033061761174541887,400.8986547834389,dev
blackwell/alt_cuda_samples_transposefine/medium/c1,transpose.cu,0.003032394075719493,5.227662845951811e-06,6.670552772378835e-06,580.0668798041775,dev
blackwell/alt_cuda_samples_transposefine/medium/c2,transpose.cu,0.0030276844920765563,5.192700574197442e-06,6.670552772378835e-06,583.0654875655911,dev
blackwell/alt_cuda_samples_transposefine/small/c1,transpose.cu,0.0009314018938321974,1.9415630472147034e-06,2.267863193094709e-06,479.7175632119457,dev
blackwell/alt_cuda_samples_transposefine/small/c2,transpose.cu,0.0009453350556244383,1.9139901686797208e-06,2.267863193094709e-06,493.90799968243033,dev
blackwell/dev_pytorch_rowwise_softmax/large/c1,SoftMax.cu,0.007692401166452048,1.282093662013362e-05,1.0806644572498688e-05,599.9874575756133,dev
blackwell/dev_pytorch_rowwise_softmax/large/c2,SoftMax.cu,0.017727125489567414,2.9546252468435956e-05,2.3205320716449182e-05,599.9788131677672,dev
blackwell/dev_pytorch_rowwise_softmax/large/c3,SoftMax.cu,0.01774618319298616,2.9577761273226364e-05,2.3205320716449182e-05,599.9839889521968,dev
blackwell/dev_pytorch_rowwise_softmax/large/c4,SoftMax.cu,0.017675813824703616,2.9460132069979636e-05,2.3205320716449182e-05,599.9909906281637,dev
blackwell/dev_pytorch_rowwise_softmax/medium/c1,SoftMax.cu,0.0019948766906048437,3.3248865624638135e-06,3.301886143124672e-06,599.9833838320777,dev
blackwell/dev_pytorch_rowwise_softmax/medium/c2,SoftMax.cu,0.0047062708322966945,7.844027860208899e-06,7.0015147052481045e-06,599.9814019236998,dev
blackwell/dev_pytorch_rowwise_softmax/medium/c3,SoftMax.cu,0.004708280010920417,7.847409029888477e-06,7.0015147052481045e-06,599.9789220859981,dev
blackwell/dev_pytorch_rowwise_softmax/medium/c4,SoftMax.cu,0.004706100895337104,7.843683791806376e-06,7.0015147052481045e-06,599.986055054025,dev
blackwell/dev_pytorch_rowwise_softmax/small/c1,SoftMax.cu,0.00028638572013394803,1.161220399435062e-06,1.1057185302734376e-06,246.62477534262726,dev
blackwell/dev_pytorch_rowwise_softmax/small/c2,SoftMax.cu,0.0005465940122055362,2.209906051977813e-06,2.183277905273438e-06,247.33812177958774,dev
blackwell/dev_pytorch_rowwise_softmax/small/c3,SoftMax.cu,0.0005505918965007408,2.2122051097373028e-06,2.183277905273438e-06,248.88826722135323,dev
blackwell/dev_pytorch_rowwise_softmax/small/c4,SoftMax.cu,0.0005536586267879045,2.208290426045164e-06,2.183277905273438e-06,250.71821181575916,dev
blackwell/dev_triton_softmax/large/c1,02-fused-softmax.py,0.005972313979494095,9.953971510387404e-06,1.6236302675700924e-05,599.9930754535237,dev
blackwell/dev_triton_softmax/large/c2,02-fused-softmax.py,0.006103058838902359,1.0171964473399928e-05,1.7027115042680577e-05,599.9882180931804,dev
blackwell/dev_triton_softmax/large/c3,02-fused-softmax.py,0.00775915366184301,1.293206727004209e-05,1.9120499354901704e-05,599.9932957213697,dev
blackwell/dev_triton_softmax/large/c4,02-fused-softmax.py,0.009384141426024003,1.5640535102927195e-05,2.2271576701457284e-05,599.9885147323201,dev
blackwell/dev_triton_softmax/medium/c1,02-fused-softmax.py,0.0018302148721249015,3.0503973192029298e-06,4.839205092301795e-06,599.9922897267486,dev
blackwell/dev_triton_softmax/medium/c2,02-fused-softmax.py,0.00216912399291508,3.615279935041099e-06,5.340310441165172e-06,599.9878382558558,dev
blackwell/dev_triton_softmax/medium/c3,02-fused-softmax.py,0.0036300223545867004,6.050263442204996e-06,6.589501907966896e-06,599.9775694500589,dev
blackwell/dev_triton_softmax/medium/c4,02-fused-softmax.py,0.0045453039593659275,7.575721989753339e-06,8.165040581244684e-06,599.9829409677058,dev
blackwell/dev_triton_softmax/small/c1,02-fused-softmax.py,0.00035042516298894186,1.2595342371254655e-06,1.4249040311596257e-06,278.2180528801577,dev
blackwell/dev_triton_softmax/small/c2,02-fused-softmax.py,0.0004910848317387086,1.3752250418465663e-06,1.5841184146689458e-06,357.09416044323234,dev
blackwell/dev_triton_softmax/small/c3,02-fused-softmax.py,0.0008247621501150936,1.957365268021625e-06,2.0248492653282727e-06,421.363433585755,dev
blackwell/dev_triton_softmax/small/c4,02-fused-softmax.py,0.0010387780084792973,2.3244265372922485e-06,2.4043580175428057e-06,446.89646750005784,dev
blackwell/final_cuda_samples_copy/large/c1,vectorAdd.cu,0.23572470446108787,0.0005278606283260594,0.00053225283735412,446.56618018398746,dev
blackwell/final_cuda_samples_copy/large/c2,vectorAdd.cu,0.23193815541680216,0.0005281878529525687,0.00053225283735412,439.12057825689953,dev
blackwell/final_cuda_samples_copy/large/c3,vectorAdd.cu,0.2279290586829839,0.0005280214209229469,0.00053225283735412,431.6663105912991,dev
blackwell/final_cuda_samples_copy/large/c4,vectorAdd.cu,0.22568280576555685,0.000527678570453506,0.00053225283735412,427.68992034601087,dev
blackwell/final_cuda_samples_copy/medium/c1,vectorAdd.cu,0.012100432663998522,3.099072826259066e-05,2.399740625305325e-05,390.45331756869757,dev
blackwell/final_cuda_samples_copy/medium/c2,vectorAdd.cu,0.009394061676112942,1.5925317799313616e-05,1.2447637163952294e-05,589.8822111115313,dev
blackwell/final_cuda_samples_copy/medium/c3,vectorAdd.cu,0.007477435122448209,1.2638584187131797e-05,1.2447637163952294e-05,591.6355037664341,dev
blackwell/final_cuda_samples_copy/medium/c4,vectorAdd.cu,0.010045538639476555,1.9517108302788473e-05,1.4108749999999996e-05,514.7042524758299,dev
blackwell/final_cuda_samples_copy/small/c1,vectorAdd.cu,0.0015968704852758501,4.240466412357879e-06,3.6996285621234324e-06,376.57897268614903,dev
blackwell/final_cuda_samples_copy/small/c2,vectorAdd.cu,0.001378618172523683,2.443764515864312e-06,2.256217145494037e-06,564.1370776824184,dev
blackwell/final_cuda_samples_copy/small/c3,vectorAdd.cu,0.0012789413011203058,2.157292370774078e-06,2.256217145494037e-06,592.8456051885989,dev
blackwell/final_cuda_samples_copy/small/c4,vectorAdd.cu,0.0014094500473741934,3.1133089434002403e-06,2.4638562499999997e-06,452.7176945808804,dev
blackwell/final_pytorch_embedding/large/c1,Indexing.cu,0.005931553808801516,9.88606377063709e-06,,599.9914573097345,dev
blackwell/final_pytorch_embedding/medium/c1,Indexing.cu,0.001016696507283159,2.39140098242814e-06,,425.14681341764896,dev
blackwell/final_pytorch_embedding/small/c1,Indexing.cu,0.00021616906783186138,1.0941469910724615e-06,,197.56858045186112,dev
blackwell/final_pytorch_layer_norm/large/c1,layer_norm_kernel.cu,0.012785305462342737,2.1309625003671578e-05,2.8499380295387798e-05,599.9779658318657,dev
blackwell/final_pytorch_layer_norm/large/c2,layer_norm_kernel.cu,0.022193762173151645,3.69904285621658e-05,4.089805643933829e-05,599.9866191291349,dev
blackwell/final_pytorch_layer_norm/large/c3,layer_norm_kernel.cu,0.022163963431693617,3.694136625878472e-05,4.089805643933829e-05,599.9768193853141,dev
blackwell/final_pytorch_layer_norm/large/c4,layer_norm_kernel.cu,0.0221056639358915,3.684369398192955e-05,4.089805643933829e-05,599.9850054865155,dev
blackwell/final_pytorch_layer_norm/medium/c1,layer_norm_kernel.cu,0.00376730447156441,6.278964831375716e-06,8.163821193300595e-06,599.9881465714464,dev
blackwell/final_pytorch_layer_norm/medium/c2,layer_norm_kernel.cu,0.006453019726112623,1.0755149928742701e-05,1.1863449755424026e-05,599.9934699996315,dev
blackwell/final_pytorch_layer_norm/medium/c3,layer_norm_kernel.cu,0.006448852262867302,1.0748305113886441e-05,1.1863449755424026e-05,599.98783013106,dev
blackwell/final_pytorch_layer_norm/medium/c4,layer_norm_kernel.cu,0.00645193146528955,1.0753414733505122e-05,1.1863449755424026e-05,599.9890848798793,dev
blackwell/final_pytorch_layer_norm/small/c1,layer_norm_kernel.cu,0.0006662434934354179,2.380541338479294e-06,1.5713002374878584e-06,279.8705834955249,dev
blackwell/final_pytorch_layer_norm/small/c2,layer_norm_kernel.cu,0.0009253214948655535,3.4317106443237125e-06,2.6488596124878586e-06,269.6385537038501,dev
blackwell/final_pytorch_layer_norm/small/c3,layer_norm_kernel.cu,0.000927467253133664,3.4354031497574326e-06,2.6488596124878586e-06,269.97333724839564,dev
blackwell/final_pytorch_layer_norm/small/c4,layer_norm_kernel.cu,0.0009302914357838304,3.428514669773597e-06,2.6488596124878586e-06,271.3394940338005,dev
blackwell/final_triton_layer_norm/large/c1,05-layer-norm.py,0.008330749369668947,1.3884824342365507e-05,2.061674559149098e-05,599.9895399648727,dev
blackwell/final_triton_layer_norm/large/c2,05-layer-norm.py,0.00817123059507398,1.3619012802178274e-05,2.201146587142709e-05,599.9869971314693,dev
blackwell/final_triton_layer_norm/large/c3,05-layer-norm.py,0.007741137705821706,1.2902011331003082e-05,2.1768806351371683e-05,599.9946448054981,dev
blackwell/final_triton_layer_norm/large/c4,05-layer-norm.py,0.009036375917254164,1.5060950321161577e-05,2.3971740236716055e-05,599.9871007181725,dev
blackwell/final_triton_layer_norm/medium/c1,05-layer-norm.py,0.0024495064783012135,4.08261578477558e-06,5.2956953212377e-06,599.9845705382394,dev
blackwell/final_triton_layer_norm/medium/c2,05-layer-norm.py,0.0025022068642908558,4.1704681562891265e-06,6.0190240463738495e-06,599.9822491193205,dev
blackwell/final_triton_layer_norm/medium/c3,05-layer-norm.py,0.00264680329145253,4.411408946548914e-06,6.603558431897825e-06,599.9904618961135,dev
blackwell/final_triton_layer_norm/medium/c4,05-layer-norm.py,0.003822000304362588,6.3700906350534455e-06,8.09174506098761e-06,599.9915108477136,dev
blackwell/final_triton_layer_norm/small/c1,05-layer-norm.py,0.0003998398021139906,1.7899665858805317e-06,1.1624063507572058e-06,223.37836095264254,dev
blackwell/final_triton_layer_norm/small/c2,05-layer-norm.py,0.0005166566150370255,1.8987177323016872e-06,1.761933865676919e-06,272.1081739784026,dev
blackwell/final_triton_layer_norm/small/c3,05-layer-norm.py,0.0007238729235293378,1.984370094070942e-06,1.854761791995628e-06,364.7872570203424,dev
blackwell/final_triton_layer_norm/small/c4,05-layer-norm.py,0.001079797150084011,2.1626088446748394e-06,2.055995781726834e-06,499.3030305701744,dev
blackwell/train_cuda_samples_reduction/large/c1,reduction_kernel.cu,0.027144475226674215,5.96333482650885e-05,0.00012108611573307425,455.1895209037854,dev
blackwell/train_cuda_samples_reduction/large/c2,reduction_kernel.cu,0.024077283078265295,4.565060193923334e-05,,527.4253143543467,dev
blackwell/train_cuda_samples_reduction/large/c3,reduction_kernel.cu,0.01847962988029968,3.283955019474618e-05,,562.7248172009413,dev
blackwell/train_cuda_samples_reduction/large/c4,reduction_kernel.cu,0.01680958013765368,3.3157186774908976e-05,,506.966415811066,dev
blackwell/train_cuda_samples_reduction/medium/c1,reduction_kernel.cu,0.001843742944697736,4.520533035214134e-06,8.346316184726694e-06,407.8596329979921,dev
blackwell/train_cuda_samples_reduction/medium/c2,reduction_kernel.cu,0.0016463731721667314,3.7226472880863077e-06,,442.2587059041735,dev
blackwell/train_cuda_samples_reduction/medium/c3,reduction_kernel.cu,0.0012838509259375974,2.7878611896537914e-06,,460.51465212908664,dev
blackwell/train_cuda_samples_reduction/medium/c4,reduction_kernel.cu,0.001163188041292734,2.7654046570186102e-06,,420.6212780977848,dev
blackwell/train_cuda_samples_reduction/small/c1,reduction_kernel.cu,0.00022781383856593988,1.1030013222055798e-06,1.478122182428348e-06,206.5399505690524,dev
blackwell/train_cuda_samples_reduction/small/c2,reduction_kernel.cu,0.0002141519540175303,1.043022129599909e-06,,205.31870603711587,dev
blackwell/train_cuda_samples_reduction/small/c3,reduction_kernel.cu,0.00018435195780495988,9.326345144454632e-07,,197.6679556134313,dev
blackwell/train_cuda_samples_reduction/small/c4,reduction_kernel.cu,0.0001751895543908492,9.022655676924189e-07,,194.1662861400149,dev
blackwell/train_cuda_samples_transpose/large/c1,transpose.cu,0.26748843014908563,0.0005006748979165285,0.0006575892870591813,534.2557241479296,dev
blackwell/train_cuda_samples_transpose/large/c2,transpose.cu,0.15275608191338425,0.00036477248540501097,0.00033061761174541887,418.77084491111617,dev
blackwell/train_cuda_samples_transpose/large/c3,transpose.cu,0.14626342553110017,0.000365868444019022,0.00033061761174541887,399.77054026418233,dev
blackwell/train_cuda_samples_transpose/large/c4,transpose.cu,0.1678775705327017,0.00040813063746190687,0.00033061761174541887,411.33292902660526,dev
blackwell/train_cuda_samples_transpose/medium/c1,transpose.cu,0.011719580284066118,3.054332075540649e-05,4.184961169119883e-05,383.7035395698298,dev
blackwell/train_cuda_samples_transpose/medium/c2,transpose.cu,0.004312070739592349,1.1764314959998193e-05,6.670552772378835e-06,366.5381923430764,dev
blackwell/train_cuda_samples_transpose/medium/c3,transpose.cu,0.003072058815571584,5.188903297748642e-06,6.670552772378835e-06,592.0439521207664,dev
blackwell/train_cuda_samples_transpose/medium/c4,transpose.cu,0.003299970053575898,5.5746631184708305e-06,6.670552772378835e-06,591.958649957148,dev
blackwell/train_cuda_samples_transpose/small/c1,transpose.cu,0.0030252428909332617,8.517161225110431e-06,1.1062627922799708e-05,355.1938035426865,dev
blackwell/train_cuda_samples_transpose/small/c2,transpose.cu,0.0011570644636510646,3.6080129854830383e-06,2.267863193094709e-06,320.692987610231,dev
blackwell/train_cuda_samples_transpose/small/c3,transpose.cu,0.0009216429019244836,1.9547551519294407e-06,2.267863193094709e-06,471.48764438081986,dev
blackwell/train_cuda_samples_transpose/small/c4,transpose.cu,0.0011427752858804193,2.07434079975767e-06,2.267863193094709e-06,550.9100944328537,dev
blackwell/train_triton_vector_add/large/c1,01-vector-add.py,0.24185784795368476,0.0005280052315848214,0.00053225283735412,458.05956737917563,dev
blackwell/train_triton_vector_add/large/c2,01-vector-add.py,0.2333077835553366,0.0005280906459263392,0.00053225283735412,441.79495576196894,dev
blackwell/train_triton_vector_add/large/c3,01-vector-add.py,0.23262363998615448,0.0005291518031529017,0.00053225283735412,439.61607727704643,dev
blackwell/train_triton_vector_add/large/c4,01-vector-add.py,0.2324583902106524,0.0005306414620535714,0.00053225283735412,438.07053695171743,dev
blackwell/train_triton_vector_add/medium/c1,01-vector-add.py,0.012439994027085751,3.096432331854424e-05,2.399740625305325e-05,401.75249105591007,dev
blackwell/train_triton_vector_add/medium/c2,01-vector-add.py,0.008958035738111214,1.5760209663507565e-05,1.2447637163952294e-05,568.3957212100647,dev
blackwell/train_triton_vector_add/medium/c3,01-vector-add.py,0.006166963983445642,1.0278389036780777e-05,1.2447637163952294e-05,599.9932442114639,dev
blackwell/train_triton_vector_add/medium/c4,01-vector-add.py,0.006772789287191989,1.1288216603721558e-05,1.2447637163952294e-05,599.9875378861087,dev
blackwell/train_triton_vector_add/small/c1,01-vector-add.py,0.0016282710540236709,4.198103968968969e-06,3.6996285621234324e-06,387.85867764574806,dev
blackwell/train_triton_vector_add/small/c2,01-vector-add.py,0.0014084972209487715,2.3475411844941475e-06,2.256217145494037e-06,599.9882899827707,dev
blackwell/train_triton_vector_add/small/c3,01-vector-add.py,0.0011441434447874241,1.9069343826859587e-06,2.256217145494037e-06,599.9909882456852,dev
blackwell/train_triton_vector_add/small/c4,01-vector-add.py,0.0011518110397331868,1.9276912863663427e-06,2.256217145494037e-06,597.508038698627,dev
