timestamp_utc,run_id,session,runner,family,parent_id,regime,candidate_id,cuda_visible_devices,nvml_gpu_id,gpu_uuid,host,source_revision,source_sha256,source_path,window_target_seconds,launch_count,trace_dir,precondition_cuda_seconds,precondition_target_seconds,counted_launch_interval_s,board_energy_j_total,board_energy_j_per_launch,active_sample_count,correctness_check,runtime_json,controls_json,launch_model,graph_batch
2026-10-05T08:57:47Z,ADA-EVAL-FRESH-ada-fresh_g_ml_tensor_matmul-small-c1,19,fresh_f_driver_ml,application,fresh_g_ml_tensor_matmul,small,c1,0,0,GPU-4640d904-c754-5243-df67-37761e91b400,labhost,own-source,0e307a8f09f8d739fc8a1f8665cbbe38a9915ce3bf1e903c4893ac59fd047dc1,src/ml_kernels.cuh,15.0,1272861,/home/user/ada_fix_out/r3d/energy_fresh/raw_attempts/ADA-EVAL-FRESH-ada-fresh_g_ml_tensor_matmul-small-c1/fresh_f_driver_ml-s19-a1,86.0821875,90.0,15.079183594,1882.1011211545924,0.0014786383754035928,1486,True,"{""arch"": ""sm_89"", ""binary_sha256"": ""495458b223fa117a60997ac41a0a68c184c19b8fea84cc38cdb28e0caac1a2fe"", ""driver"": ""driver_ml"", ""host_opt"": true, ""nvcc"": ""nvcc: NVIDIA (R) Cuda compiler driver\nCopyright (c) 2005-2026 NVIDIA Corporation\nBuilt on Fri_May_08_10:53:34_AM_PDT_2026\nCuda compilation tools, release 13.2, V13.2.86\nBuild cuda_13.2.r13.2/compiler.37953736_0""}","{""argv_positional"": [""tcgemm"", ""0"", ""384"", ""384"", ""384""], ""family"": ""tcgemm"", ""tier"": ""L2""}",graph,423
2026-10-05T09:00:09Z,ADA-EVAL-FRESH-ada-fresh_g_ml_tensor_matmul-small-c2,19,fresh_f_driver_ml,application,fresh_g_ml_tensor_matmul,small,c2,0,0,GPU-4640d904-c754-5243-df67-37761e91b400,labhost,own-source,0e307a8f09f8d739fc8a1f8665cbbe38a9915ce3bf1e903c4893ac59fd047dc1,src/ml_kernels.cuh,15.0,2341231,/home/user/ada_fix_out/r3d/energy_fresh/raw_attempts/ADA-EVAL-FRESH-ada-fresh_g_ml_tensor_matmul-small-c2/fresh_f_driver_ml-s19-a1,86.903445312,90.0,14.334290039,2475.214797755552,0.0010572279274260216,1415,True,"{""arch"": ""sm_89"", ""binary_sha256"": ""495458b223fa117a60997ac41a0a68c184c19b8fea84cc38cdb28e0caac1a2fe"", ""driver"": ""driver_ml"", ""host_opt"": true, ""nvcc"": ""nvcc: NVIDIA (R) Cuda compiler driver\nCopyright (c) 2005-2026 NVIDIA Corporation\nBuilt on Fri_May_08_10:53:34_AM_PDT_2026\nCuda compilation tools, release 13.2, V13.2.86\nBuild cuda_13.2.r13.2/compiler.37953736_0""}","{""argv_positional"": [""tcgemm"", ""1"", ""384"", ""384"", ""384""], ""family"": ""tcgemm"", ""tier"": ""L2""}",graph,818
2026-10-05T09:02:32Z,ADA-EVAL-FRESH-ada-fresh_g_ml_tensor_matmul-medium-c1,19,fresh_f_driver_ml,application,fresh_g_ml_tensor_matmul,medium,c1,0,0,GPU-4640d904-c754-5243-df67-37761e91b400,labhost,own-source,0e307a8f09f8d739fc8a1f8665cbbe38a9915ce3bf1e903c4893ac59fd047dc1,src/ml_kernels.cuh,15.0,337997,/home/user/ada_fix_out/r3d/energy_fresh/raw_attempts/ADA-EVAL-FRESH-ada-fresh_g_ml_tensor_matmul-medium-c1/fresh_f_driver_ml-s19-a1,86.526335937,90.0,14.45455957,3048.3660275849643,0.009018914450675493,1425,True,"{""arch"": ""sm_89"", ""binary_sha256"": ""495458b223fa117a60997ac41a0a68c184c19b8fea84cc38cdb28e0caac1a2fe"", ""driver"": ""driver_ml"", ""host_opt"": true, ""nvcc"": ""nvcc: NVIDIA (R) Cuda compiler driver\nCopyright (c) 2005-2026 NVIDIA Corporation\nBuilt on Fri_May_08_10:53:34_AM_PDT_2026\nCuda compilation tools, release 13.2, V13.2.86\nBuild cuda_13.2.r13.2/compiler.37953736_0""}","{""argv_positional"": [""tcgemm"", ""0"", ""768"", ""768"", ""1536""], ""family"": ""tcgemm"", ""tier"": ""L2""}",graph,118
2026-10-05T09:05:05Z,ADA-EVAL-FRESH-ada-fresh_g_ml_tensor_matmul-medium-c2,19,fresh_f_driver_ml,application,fresh_g_ml_tensor_matmul,medium,c2,0,0,GPU-4640d904-c754-5243-df67-37761e91b400,labhost,own-source,0e307a8f09f8d739fc8a1f8665cbbe38a9915ce3bf1e903c4893ac59fd047dc1,src/ml_kernels.cuh,15.0,566582,/home/user/ada_fix_out/r3d/energy_fresh/raw_attempts/ADA-EVAL-FRESH-ada-fresh_g_ml_tensor_matmul-medium-c2/fresh_f_driver_ml-s19-a1,95.623679688,90.0,16.049133789,3966.5379344275916,0.007000818830156255,1584,True,"{""arch"": ""sm_89"", ""binary_sha256"": ""495458b223fa117a60997ac41a0a68c184c19b8fea84cc38cdb28e0caac1a2fe"", ""driver"": ""driver_ml"", ""host_opt"": true, ""nvcc"": ""nvcc: NVIDIA (R) Cuda compiler driver\nCopyright (c) 2005-2026 NVIDIA Corporation\nBuilt on Fri_May_08_10:53:34_AM_PDT_2026\nCuda compilation tools, release 13.2, V13.2.86\nBuild cuda_13.2.r13.2/compiler.37953736_0""}","{""argv_positional"": [""tcgemm"", ""1"", ""768"", ""768"", ""1536""], ""family"": ""tcgemm"", ""tier"": ""L2""}",graph,185
2026-10-05T09:09:42Z,ADA-EVAL-FRESH-ada-fresh_g_ml_tensor_matmul-large-c1,19,fresh_f_driver_ml,application,fresh_g_ml_tensor_matmul,large,c1,0,0,GPU-4640d904-c754-5243-df67-37761e91b400,labhost,own-source,0e307a8f09f8d739fc8a1f8665cbbe38a9915ce3bf1e903c4893ac59fd047dc1,src/ml_kernels.cuh,15.0,37924,/home/user/ada_fix_out/r3d/energy_fresh/raw_attempts/ADA-EVAL-FRESH-ada-fresh_g_ml_tensor_matmul-large-c1/fresh_f_driver_ml-s19-a2,94.955875,90.0,15.170289063,3736.1517515444343,0.09851681656851688,1498,True,"{""arch"": ""sm_89"", ""binary_sha256"": ""495458b223fa117a60997ac41a0a68c184c19b8fea84cc38cdb28e0caac1a2fe"", ""driver"": ""driver_ml"", ""host_opt"": true, ""nvcc"": ""nvcc: NVIDIA (R) Cuda compiler driver\nCopyright (c) 2005-2026 NVIDIA Corporation\nBuilt on Fri_May_08_10:53:34_AM_PDT_2026\nCuda compilation tools, release 13.2, V13.2.86\nBuild cuda_13.2.r13.2/compiler.37953736_0""}","{""argv_positional"": [""tcgemm"", ""0"", ""5760"", ""5760"", ""512""], ""family"": ""tcgemm"", ""tier"": ""DRAM""}",graph,15
2026-10-05T09:14:28Z,ADA-EVAL-FRESH-ada-fresh_g_ml_tensor_matmul-large-c2,19,fresh_f_driver_ml,application,fresh_g_ml_tensor_matmul,large,c2,0,0,GPU-4640d904-c754-5243-df67-37761e91b400,labhost,own-source,0e307a8f09f8d739fc8a1f8665cbbe38a9915ce3bf1e903c4893ac59fd047dc1,src/ml_kernels.cuh,15.0,28685,/home/user/ada_fix_out/r3d/energy_fresh/raw_attempts/ADA-EVAL-FRESH-ada-fresh_g_ml_tensor_matmul-large-c2/fresh_f_driver_ml-s19-a2,93.248664062,90.0,14.864981445,3663.05650148558,0.12769937254612446,1466,True,"{""arch"": ""sm_89"", ""binary_sha256"": ""495458b223fa117a60997ac41a0a68c184c19b8fea84cc38cdb28e0caac1a2fe"", ""driver"": ""driver_ml"", ""host_opt"": true, ""nvcc"": ""nvcc: NVIDIA (R) Cuda compiler driver\nCopyright (c) 2005-2026 NVIDIA Corporation\nBuilt on Fri_May_08_10:53:34_AM_PDT_2026\nCuda compilation tools, release 13.2, V13.2.86\nBuild cuda_13.2.r13.2/compiler.37953736_0""}","{""argv_positional"": [""tcgemm"", ""1"", ""5760"", ""5760"", ""512""], ""family"": ""tcgemm"", ""tier"": ""DRAM""}",graph,12
2026-10-05T09:19:05Z,ADA-EVAL-FRESH-ada-fresh_g_ml_tensor_matmul-xlarge-c1,19,fresh_f_driver_ml,application,fresh_g_ml_tensor_matmul,xlarge,c1,0,0,GPU-4640d904-c754-5243-df67-37761e91b400,labhost,own-source,0e307a8f09f8d739fc8a1f8665cbbe38a9915ce3bf1e903c4893ac59fd047dc1,src/ml_kernels.cuh,15.0,23355,/home/user/ada_fix_out/r3d/energy_fresh/raw_attempts/ADA-EVAL-FRESH-ada-fresh_g_ml_tensor_matmul-xlarge-c1/fresh_f_driver_ml-s19-a2,93.019835938,90.0,14.920931641,3664.812804116759,0.1569176966010173,1475,True,"{""arch"": ""sm_89"", ""binary_sha256"": ""495458b223fa117a60997ac41a0a68c184c19b8fea84cc38cdb28e0caac1a2fe"", ""driver"": ""driver_ml"", ""host_opt"": true, ""nvcc"": ""nvcc: NVIDIA (R) Cuda compiler driver\nCopyright (c) 2005-2026 NVIDIA Corporation\nBuilt on Fri_May_08_10:53:34_AM_PDT_2026\nCuda compilation tools, release 13.2, V13.2.86\nBuild cuda_13.2.r13.2/compiler.37953736_0""}","{""argv_positional"": [""tcgemm"", ""0"", ""5632"", ""5632"", ""1024""], ""family"": ""tcgemm"", ""tier"": ""DRAM""}",graph,9
2026-10-05T09:23:50Z,ADA-EVAL-FRESH-ada-fresh_g_ml_tensor_matmul-xlarge-c2,19,fresh_f_driver_ml,application,fresh_g_ml_tensor_matmul,xlarge,c2,0,0,GPU-4640d904-c754-5243-df67-37761e91b400,labhost,own-source,0e307a8f09f8d739fc8a1f8665cbbe38a9915ce3bf1e903c4893ac59fd047dc1,src/ml_kernels.cuh,15.0,16834,/home/user/ada_fix_out/r3d/energy_fresh/raw_attempts/ADA-EVAL-FRESH-ada-fresh_g_ml_tensor_matmul-xlarge-c2/fresh_f_driver_ml-s19-a2,93.418148437,90.0,14.882649414,3658.3256349476346,0.21731766870307917,1467,True,"{""arch"": ""sm_89"", ""binary_sha256"": ""495458b223fa117a60997ac41a0a68c184c19b8fea84cc38cdb28e0caac1a2fe"", ""driver"": ""driver_ml"", ""host_opt"": true, ""nvcc"": ""nvcc: NVIDIA (R) Cuda compiler driver\nCopyright (c) 2005-2026 NVIDIA Corporation\nBuilt on Fri_May_08_10:53:34_AM_PDT_2026\nCuda compilation tools, release 13.2, V13.2.86\nBuild cuda_13.2.r13.2/compiler.37953736_0""}","{""argv_positional"": [""tcgemm"", ""1"", ""5632"", ""5632"", ""1024""], ""family"": ""tcgemm"", ""tier"": ""DRAM""}",graph,7
2026-10-05T09:26:14Z,ADA-EVAL-FRESH-ada-fresh_h_ml_fused_attention-small-c1,19,fresh_f_driver_ml,application,fresh_h_ml_fused_attention,small,c1,0,0,GPU-4640d904-c754-5243-df67-37761e91b400,labhost,own-source,0e307a8f09f8d739fc8a1f8665cbbe38a9915ce3bf1e903c4893ac59fd047dc1,src/ml_kernels.cuh,15.0,1071156,/home/user/ada_fix_out/r3d/energy_fresh/raw_attempts/ADA-EVAL-FRESH-ada-fresh_h_ml_fused_attention-small-c1/fresh_f_driver_ml-s19-a1,87.726429688,90.0,14.756955078,3404.205588693702,0.0031780670497049,1455,True,"{""arch"": ""sm_89"", ""binary_sha256"": ""495458b223fa117a60997ac41a0a68c184c19b8fea84cc38cdb28e0caac1a2fe"", ""driver"": ""driver_ml"", ""host_opt"": true, ""nvcc"": ""nvcc: NVIDIA (R) Cuda compiler driver\nCopyright (c) 2005-2026 NVIDIA Corporation\nBuilt on Fri_May_08_10:53:34_AM_PDT_2026\nCuda compilation tools, release 13.2, V13.2.86\nBuild cuda_13.2.r13.2/compiler.37953736_0""}","{""argv_positional"": [""attn"", ""0"", ""8"", ""512""], ""family"": ""attn"", ""tier"": ""L2""}",graph,373
2026-10-05T09:28:37Z,ADA-EVAL-FRESH-ada-fresh_h_ml_fused_attention-small-c2,19,fresh_f_driver_ml,application,fresh_h_ml_fused_attention,small,c2,0,0,GPU-4640d904-c754-5243-df67-37761e91b400,labhost,own-source,0e307a8f09f8d739fc8a1f8665cbbe38a9915ce3bf1e903c4893ac59fd047dc1,src/ml_kernels.cuh,15.0,898660,/home/user/ada_fix_out/r3d/energy_fresh/raw_attempts/ADA-EVAL-FRESH-ada-fresh_h_ml_fused_attention-small-c2/fresh_f_driver_ml-s19-a1,86.501328125,90.0,14.457637695,2725.765659215432,0.0030331445254216634,1427,True,"{""arch"": ""sm_89"", ""binary_sha256"": ""495458b223fa117a60997ac41a0a68c184c19b8fea84cc38cdb28e0caac1a2fe"", ""driver"": ""driver_ml"", ""host_opt"": true, ""nvcc"": ""nvcc: NVIDIA (R) Cuda compiler driver\nCopyright (c) 2005-2026 NVIDIA Corporation\nBuilt on Fri_May_08_10:53:34_AM_PDT_2026\nCuda compilation tools, release 13.2, V13.2.86\nBuild cuda_13.2.r13.2/compiler.37953736_0""}","{""argv_positional"": [""attn"", ""1"", ""8"", ""512""], ""family"": ""attn"", ""tier"": ""L2""}",graph,313
2026-10-05T09:31:11Z,ADA-EVAL-FRESH-ada-fresh_h_ml_fused_attention-medium-c1,19,fresh_f_driver_ml,application,fresh_h_ml_fused_attention,medium,c1,0,0,GPU-4640d904-c754-5243-df67-37761e91b400,labhost,own-source,0e307a8f09f8d739fc8a1f8665cbbe38a9915ce3bf1e903c4893ac59fd047dc1,src/ml_kernels.cuh,15.0,146246,/home/user/ada_fix_out/r3d/energy_fresh/raw_attempts/ADA-EVAL-FRESH-ada-fresh_h_ml_fused_attention-medium-c1/fresh_f_driver_ml-s19-a1,96.783835938,90.0,16.145461914,3719.861905159441,0.025435648873538018,1593,True,"{""arch"": ""sm_89"", ""binary_sha256"": ""495458b223fa117a60997ac41a0a68c184c19b8fea84cc38cdb28e0caac1a2fe"", ""driver"": ""driver_ml"", ""host_opt"": true, ""nvcc"": ""nvcc: NVIDIA (R) Cuda compiler driver\nCopyright (c) 2005-2026 NVIDIA Corporation\nBuilt on Fri_May_08_10:53:34_AM_PDT_2026\nCuda compilation tools, release 13.2, V13.2.86\nBuild cuda_13.2.r13.2/compiler.37953736_0""}","{""argv_positional"": [""attn"", ""0"", ""32"", ""1024""], ""family"": ""attn"", ""tier"": ""L2""}",graph,49
2026-10-05T09:33:46Z,ADA-EVAL-FRESH-ada-fresh_h_ml_fused_attention-medium-c2,19,fresh_f_driver_ml,application,fresh_h_ml_fused_attention,medium,c2,0,0,GPU-4640d904-c754-5243-df67-37761e91b400,labhost,own-source,0e307a8f09f8d739fc8a1f8665cbbe38a9915ce3bf1e903c4893ac59fd047dc1,src/ml_kernels.cuh,15.0,180996,/home/user/ada_fix_out/r3d/energy_fresh/raw_attempts/ADA-EVAL-FRESH-ada-fresh_h_ml_fused_attention-medium-c2/fresh_f_driver_ml-s19-a1,96.632242187,90.0,16.199668945,3777.574724874655,0.020871039828916967,1598,True,"{""arch"": ""sm_89"", ""binary_sha256"": ""495458b223fa117a60997ac41a0a68c184c19b8fea84cc38cdb28e0caac1a2fe"", ""driver"": ""driver_ml"", ""host_opt"": true, ""nvcc"": ""nvcc: NVIDIA (R) Cuda compiler driver\nCopyright (c) 2005-2026 NVIDIA Corporation\nBuilt on Fri_May_08_10:53:34_AM_PDT_2026\nCuda compilation tools, release 13.2, V13.2.86\nBuild cuda_13.2.r13.2/compiler.37953736_0""}","{""argv_positional"": [""attn"", ""1"", ""32"", ""1024""], ""family"": ""attn"", ""tier"": ""L2""}",graph,59
2026-10-05T09:38:14Z,ADA-EVAL-FRESH-ada-fresh_h_ml_fused_attention-large-c1,19,fresh_f_driver_ml,application,fresh_h_ml_fused_attention,large,c1,0,0,GPU-4640d904-c754-5243-df67-37761e91b400,labhost,own-source,0e307a8f09f8d739fc8a1f8665cbbe38a9915ce3bf1e903c4893ac59fd047dc1,src/ml_kernels.cuh,15.0,9716,/home/user/ada_fix_out/r3d/energy_fresh/raw_attempts/ADA-EVAL-FRESH-ada-fresh_h_ml_fused_attention-large-c1/fresh_f_driver_ml-s19-a2,90.272617188,90.0,14.988915039,3646.88669645445,0.3753485690051925,1479,True,"{""arch"": ""sm_89"", ""binary_sha256"": ""495458b223fa117a60997ac41a0a68c184c19b8fea84cc38cdb28e0caac1a2fe"", ""driver"": ""driver_ml"", ""host_opt"": true, ""nvcc"": ""nvcc: NVIDIA (R) Cuda compiler driver\nCopyright (c) 2005-2026 NVIDIA Corporation\nBuilt on Fri_May_08_10:53:34_AM_PDT_2026\nCuda compilation tools, release 13.2, V13.2.86\nBuild cuda_13.2.r13.2/compiler.37953736_0""}","{""argv_positional"": [""attn"", ""0"", ""128"", ""2048""], ""family"": ""attn"", ""tier"": ""DRAM""}",graph,4
2026-10-05T09:42:42Z,ADA-EVAL-FRESH-ada-fresh_h_ml_fused_attention-large-c2,19,fresh_f_driver_ml,application,fresh_h_ml_fused_attention,large,c2,0,0,GPU-4640d904-c754-5243-df67-37761e91b400,labhost,own-source,0e307a8f09f8d739fc8a1f8665cbbe38a9915ce3bf1e903c4893ac59fd047dc1,src/ml_kernels.cuh,15.0,11911,/home/user/ada_fix_out/r3d/energy_fresh/raw_attempts/ADA-EVAL-FRESH-ada-fresh_h_ml_fused_attention-large-c2/fresh_f_driver_ml-s19-a2,90.458765625,90.0,14.984194336,3642.8139149047315,0.30583611072997496,1477,True,"{""arch"": ""sm_89"", ""binary_sha256"": ""495458b223fa117a60997ac41a0a68c184c19b8fea84cc38cdb28e0caac1a2fe"", ""driver"": ""driver_ml"", ""host_opt"": true, ""nvcc"": ""nvcc: NVIDIA (R) Cuda compiler driver\nCopyright (c) 2005-2026 NVIDIA Corporation\nBuilt on Fri_May_08_10:53:34_AM_PDT_2026\nCuda compilation tools, release 13.2, V13.2.86\nBuild cuda_13.2.r13.2/compiler.37953736_0""}","{""argv_positional"": [""attn"", ""1"", ""128"", ""2048""], ""family"": ""attn"", ""tier"": ""DRAM""}",graph,5
2026-10-05T09:47:13Z,ADA-EVAL-FRESH-ada-fresh_h_ml_fused_attention-xlarge-c1,19,fresh_f_driver_ml,application,fresh_h_ml_fused_attention,xlarge,c1,0,0,GPU-4640d904-c754-5243-df67-37761e91b400,labhost,own-source,0e307a8f09f8d739fc8a1f8665cbbe38a9915ce3bf1e903c4893ac59fd047dc1,src/ml_kernels.cuh,15.0,4867,/home/user/ada_fix_out/r3d/energy_fresh/raw_attempts/ADA-EVAL-FRESH-ada-fresh_h_ml_fused_attention-xlarge-c1/fresh_f_driver_ml-s19-a2,90.46609375,90.0,15.001292969,3620.393994918247,0.7438656245979549,1482,True,"{""arch"": ""sm_89"", ""binary_sha256"": ""495458b223fa117a60997ac41a0a68c184c19b8fea84cc38cdb28e0caac1a2fe"", ""driver"": ""driver_ml"", ""host_opt"": true, ""nvcc"": ""nvcc: NVIDIA (R) Cuda compiler driver\nCopyright (c) 2005-2026 NVIDIA Corporation\nBuilt on Fri_May_08_10:53:34_AM_PDT_2026\nCuda compilation tools, release 13.2, V13.2.86\nBuild cuda_13.2.r13.2/compiler.37953736_0""}","{""argv_positional"": [""attn"", ""0"", ""256"", ""2048""], ""family"": ""attn"", ""tier"": ""DRAM""}",graph,2
2026-10-05T09:51:45Z,ADA-EVAL-FRESH-ada-fresh_h_ml_fused_attention-xlarge-c2,19,fresh_f_driver_ml,application,fresh_h_ml_fused_attention,xlarge,c2,0,0,GPU-4640d904-c754-5243-df67-37761e91b400,labhost,own-source,0e307a8f09f8d739fc8a1f8665cbbe38a9915ce3bf1e903c4893ac59fd047dc1,src/ml_kernels.cuh,15.0,5998,/home/user/ada_fix_out/r3d/energy_fresh/raw_attempts/ADA-EVAL-FRESH-ada-fresh_h_ml_fused_attention-xlarge-c2/fresh_f_driver_ml-s19-a2,91.681570312,90.0,14.980292969,3617.306749828129,0.6030854868002883,1483,True,"{""arch"": ""sm_89"", ""binary_sha256"": ""495458b223fa117a60997ac41a0a68c184c19b8fea84cc38cdb28e0caac1a2fe"", ""driver"": ""driver_ml"", ""host_opt"": true, ""nvcc"": ""nvcc: NVIDIA (R) Cuda compiler driver\nCopyright (c) 2005-2026 NVIDIA Corporation\nBuilt on Fri_May_08_10:53:34_AM_PDT_2026\nCuda compilation tools, release 13.2, V13.2.86\nBuild cuda_13.2.r13.2/compiler.37953736_0""}","{""argv_positional"": [""attn"", ""1"", ""256"", ""2048""], ""family"": ""attn"", ""tier"": ""DRAM""}",graph,3
2026-10-05T09:56:18Z,ADA-EVAL-FRESH-ada-validation_tensor_matmul-v2-c1,19,fresh_f_driver_ml,application,validation_tensor_matmul,v2,c1,0,0,GPU-4640d904-c754-5243-df67-37761e91b400,labhost,own-source,0e307a8f09f8d739fc8a1f8665cbbe38a9915ce3bf1e903c4893ac59fd047dc1,src/ml_kernels.cuh,15.0,51401,/home/user/ada_fix_out/r3d/energy_fresh/raw_attempts/ADA-EVAL-FRESH-ada-validation_tensor_matmul-v2-c1/fresh_f_driver_ml-s19-a2,93.028726562,90.0,15.076785156,3714.4877703539,0.07226489310235015,1489,True,"{""arch"": ""sm_89"", ""binary_sha256"": ""495458b223fa117a60997ac41a0a68c184c19b8fea84cc38cdb28e0caac1a2fe"", ""driver"": ""driver_ml"", ""host_opt"": true, ""nvcc"": ""nvcc: NVIDIA (R) Cuda compiler driver\nCopyright (c) 2005-2026 NVIDIA Corporation\nBuilt on Fri_May_08_10:53:34_AM_PDT_2026\nCuda compilation tools, release 13.2, V13.2.86\nBuild cuda_13.2.r13.2/compiler.37953736_0""}","{""argv_positional"": [""tcgemm"", ""0"", ""6016"", ""4096"", ""512""], ""family"": ""tcgemm"", ""tier"": ""DRAM""}",graph,20
2026-10-05T10:01:00Z,ADA-EVAL-FRESH-ada-validation_tensor_matmul-v2-c2,19,fresh_f_driver_ml,application,validation_tensor_matmul,v2,c2,0,0,GPU-4640d904-c754-5243-df67-37761e91b400,labhost,own-source,0e307a8f09f8d739fc8a1f8665cbbe38a9915ce3bf1e903c4893ac59fd047dc1,src/ml_kernels.cuh,15.0,38215,/home/user/ada_fix_out/r3d/energy_fresh/raw_attempts/ADA-EVAL-FRESH-ada-validation_tensor_matmul-v2-c2/fresh_f_driver_ml-s19-a2,92.251914063,90.0,14.934388672,3677.319060122599,0.09622711134692133,1472,True,"{""arch"": ""sm_89"", ""binary_sha256"": ""495458b223fa117a60997ac41a0a68c184c19b8fea84cc38cdb28e0caac1a2fe"", ""driver"": ""driver_ml"", ""host_opt"": true, ""nvcc"": ""nvcc: NVIDIA (R) Cuda compiler driver\nCopyright (c) 2005-2026 NVIDIA Corporation\nBuilt on Fri_May_08_10:53:34_AM_PDT_2026\nCuda compilation tools, release 13.2, V13.2.86\nBuild cuda_13.2.r13.2/compiler.37953736_0""}","{""argv_positional"": [""tcgemm"", ""1"", ""6016"", ""4096"", ""512""], ""family"": ""tcgemm"", ""tier"": ""DRAM""}",graph,16
2026-10-05T10:05:28Z,ADA-EVAL-FRESH-ada-validation_fused_attention-v3-c1,19,fresh_f_driver_ml,application,validation_fused_attention,v3,c1,0,0,GPU-4640d904-c754-5243-df67-37761e91b400,labhost,own-source,0e307a8f09f8d739fc8a1f8665cbbe38a9915ce3bf1e903c4893ac59fd047dc1,src/ml_kernels.cuh,15.0,16776,/home/user/ada_fix_out/r3d/energy_fresh/raw_attempts/ADA-EVAL-FRESH-ada-validation_fused_attention-v3-c1/fresh_f_driver_ml-s19-a2,90.353804688,90.0,14.966100586,3649.102103048964,0.21751920022943277,1479,True,"{""arch"": ""sm_89"", ""binary_sha256"": ""495458b223fa117a60997ac41a0a68c184c19b8fea84cc38cdb28e0caac1a2fe"", ""driver"": ""driver_ml"", ""host_opt"": true, ""nvcc"": ""nvcc: NVIDIA (R) Cuda compiler driver\nCopyright (c) 2005-2026 NVIDIA Corporation\nBuilt on Fri_May_08_10:53:34_AM_PDT_2026\nCuda compilation tools, release 13.2, V13.2.86\nBuild cuda_13.2.r13.2/compiler.37953736_0""}","{""argv_positional"": [""attn"", ""0"", ""128"", ""1536""], ""family"": ""attn"", ""tier"": ""DRAM""}",graph,6
2026-10-05T10:09:55Z,ADA-EVAL-FRESH-ada-validation_fused_attention-v3-c2,19,fresh_f_driver_ml,application,validation_fused_attention,v3,c2,0,0,GPU-4640d904-c754-5243-df67-37761e91b400,labhost,own-source,0e307a8f09f8d739fc8a1f8665cbbe38a9915ce3bf1e903c4893ac59fd047dc1,src/ml_kernels.cuh,15.0,20352,/home/user/ada_fix_out/r3d/energy_fresh/raw_attempts/ADA-EVAL-FRESH-ada-validation_fused_attention-v3-c2/fresh_f_driver_ml-s19-a2,90.748054688,90.0,14.961232422,3656.1256267307444,0.17964453747694303,1478,True,"{""arch"": ""sm_89"", ""binary_sha256"": ""495458b223fa117a60997ac41a0a68c184c19b8fea84cc38cdb28e0caac1a2fe"", ""driver"": ""driver_ml"", ""host_opt"": true, ""nvcc"": ""nvcc: NVIDIA (R) Cuda compiler driver\nCopyright (c) 2005-2026 NVIDIA Corporation\nBuilt on Fri_May_08_10:53:34_AM_PDT_2026\nCuda compilation tools, release 13.2, V13.2.86\nBuild cuda_13.2.r13.2/compiler.37953736_0""}","{""argv_positional"": [""attn"", ""1"", ""128"", ""1536""], ""family"": ""attn"", ""tier"": ""DRAM""}",graph,8
