monotonic_ns,board_power_mw,temperature_c,graphics_clock_mhz,memory_clock_mhz,utilization_percent
2784562982632209,408156,63,2812,13365,100
2784562989167392,408156,63,2812,13365,100
2784562994270674,408156,63,2812,13365,100
2784562999385638,408156,63,2812,13365,100
2784563004497142,408156,63,2812,13365,100
2784563009608136,408156,63,2812,13365,100
2784563014721629,408156,63,2812,13365,100
2784563019839614,408156,63,2812,13365,100
2784563024953386,408156,63,2812,13365,100
2784563030077694,408156,63,2812,13365,100
2784563035192849,408156,63,2812,13365,100
2784563040307167,408156,63,2812,13365,100
2784563045421296,408156,63,2812,13365,100
2784563050535115,408156,63,2812,13365,100
2784563055646276,408156,63,2812,13365,100
2784563060760060,408156,63,2812,13365,100
2784563065873911,408156,63,2812,13365,100
2784563070988377,408156,63,2812,13365,100
2784563076119389,408156,63,2812,13365,100
2784563081236602,408156,63,2812,13365,100
2784563086352278,408156,63,2812,13365,100
2784563091467499,408156,63,2812,13365,100
2784563096586799,408156,63,2812,13365,100
2784563101701101,408156,63,2812,13365,100
2784563106816944,408156,63,2812,13365,100
2784563111931795,408156,63,2812,13365,100
2784563117064278,408156,63,2812,13365,100
2784563122178903,408156,63,2812,13365,100
2784563127293209,408156,63,2812,13365,100
2784563132407617,408156,63,2812,13365,100
2784563137524270,408156,63,2812,13365,100
2784563142639083,408156,63,2812,13365,100
2784563147752595,408156,63,2812,13365,100
2784563152866823,408156,63,2812,13365,100
2784563157984248,408156,63,2812,13365,100
2784563163122238,408156,63,2812,13365,100
2784563168235104,408156,63,2812,13365,100
2784563173349394,408156,63,2812,13365,100
2784563178461489,408156,63,2812,13365,100
2784563183575456,408156,63,2812,13365,100
2784563188696173,408156,63,2812,13365,100
2784563193809994,408156,63,2812,13365,100
2784563198922474,408156,63,2812,13365,100
2784563204037055,408156,63,2812,13365,100
2784563209153677,408156,63,2812,13365,100
2784563214267675,408156,63,2812,13365,100
2784563219383540,408156,63,2812,13365,100
2784563224494880,408156,63,2812,13365,100
2784563229615424,408156,63,2812,13365,100
2784563234729305,408156,63,2812,13365,100
2784563239845584,408156,63,2812,13365,100
2784563244960106,408156,63,2812,13365,100
2784563250074939,408156,63,2812,13365,100
2784563255189786,408156,63,2812,13365,100
2784563260304739,408156,63,2812,13365,100
2784563265419975,408156,63,2812,13365,100
2784563270534620,408156,63,2812,13365,100
2784563275646633,408156,63,2812,13365,100
2784563280772008,408156,63,2812,13365,100
2784563285884837,408156,63,2812,13365,100
2784563290997526,408156,63,2812,13365,100
2784563296126425,408156,63,2812,13365,100
2784563301237751,408156,63,2812,13365,100
2784563306349268,408156,63,2812,13365,100
2784563311460175,408156,63,2812,13365,100
2784563316588010,408156,63,2812,13365,100
2784563321698963,322749,63,2812,13365,0
2784563326811620,322749,59,2812,13365,0
2784563331923723,322749,59,2812,13365,0
2784563337035024,322749,59,2812,13365,0
2784563342147592,322749,59,2812,13365,0
2784563347259058,322749,59,2812,13365,0
2784563352370710,322749,59,2812,13365,0
2784563357482238,322749,59,2812,13365,0
2784563362594208,322749,59,2812,13365,0
2784563367705656,322749,59,2812,13365,0
2784563372817178,322749,59,2812,13365,0
2784563377928084,322749,59,2812,13365,0
2784563383040975,322749,59,2812,13365,0
2784563388152671,322749,59,2812,13365,0
2784563393265658,322749,59,2812,13365,0
2784563398377318,322749,59,2812,13365,0
2784563403488470,322749,59,2812,13365,0
2784563408600129,322749,59,2812,13365,0
2784563413712091,322749,59,2812,13365,0
2784563418824371,322749,59,2812,13365,0
2784563423936072,322749,59,2812,13365,0
2784563429047069,322749,59,2812,13365,0
2784563434158565,322749,59,2812,13365,0
2784563439270023,322749,59,2812,13365,0
2784563444383502,322749,59,2812,13365,0
2784563449496419,322749,59,2812,13365,0
2784563454607698,322749,59,2812,13365,0
2784563459719551,322749,59,2812,13365,0
2784563464830619,322749,59,2812,13365,0
2784563469942360,322749,59,2812,13365,0
2784563475054252,322749,59,2812,13365,0
2784563480165384,322749,59,2812,13365,0
2784563485276937,322749,59,2812,13365,0
2784563490387981,322749,59,2812,13365,0
2784563495500624,322749,59,2812,13365,0
2784563500611508,322749,59,2812,13365,0
2784563505722171,322749,59,2812,13365,0
2784563510832991,322749,59,2812,13365,0
2784563515945551,322749,59,2812,13365,0
2784563521056480,322749,59,2812,13365,0
2784563526168444,322749,59,2812,13365,0
2784563531279862,322749,59,2812,13365,0
2784563536391059,322749,59,2812,13365,0
2784563541502533,322749,59,2812,13365,0
2784563546616408,322749,59,2812,13365,0
2784563551728102,322749,59,2812,13365,0
2784563556839330,322749,59,2812,13365,0
2784563561953063,322749,59,2812,13365,0
2784563567063871,322749,59,2812,13365,0
2784563572174784,322749,59,2812,13365,0
2784563577285708,322749,59,2812,13365,0
2784563582398349,322749,59,2812,13365,0
2784563587509333,322749,59,2812,13365,0
2784563592620682,322749,59,2812,13365,0
2784563597749440,322749,59,2812,13365,0
2784563602860475,322749,59,2812,13365,0
2784563607971223,322749,59,2812,13365,0
2784563613083799,322749,59,2812,13365,0
2784563618194743,322749,59,2812,13365,0
2784563623305820,322749,59,2812,13365,0
2784563628418100,322749,59,2812,13365,0
2784563633529269,322749,59,2812,13365,0
2784563638640629,322749,59,2812,13365,0
2784563643751832,322749,59,2812,13365,0
2784563648864082,322749,59,2812,13365,0
2784563653975079,322749,59,2812,13365,0
2784563659085780,322749,59,2812,13365,0
2784563664196705,322749,59,2812,13365,0
2784563669307500,322749,59,2812,13365,0
2784563674418808,322749,59,2812,13365,0
2784563679529590,322749,59,2812,13365,0
2784563684640417,322749,59,2812,13365,0
2784563689751221,322749,59,2812,13365,0
2784563694863518,322749,59,2812,13365,0
2784563699976060,322749,59,2812,13365,0
2784563705087263,322749,59,2812,13365,0
2784563710198151,322749,59,2812,13365,0
2784563715309203,322749,59,2812,13365,0
2784563720420020,322749,59,2812,13365,0
2784563725531732,322749,59,2812,13365,0
2784563730642725,322749,59,2812,13365,0
2784563735753733,322749,59,2812,13365,0
2784563740864585,322749,59,2812,13365,0
2784563745975362,322749,59,2812,13365,0
2784563751087830,322749,59,2812,13365,0
2784563756198519,322749,59,2812,13365,0
2784563761310680,322749,59,2812,13365,0
2784563766421916,322749,59,2812,13365,0
2784563771532802,322749,59,2812,13365,0
2784563776643581,322749,59,2812,13365,0
2784563781754464,322749,59,2812,13365,0
2784563786865530,322749,59,2812,13365,0
2784563791977973,322749,59,2812,13365,0
2784563797089234,322749,59,2812,13365,0
2784563802201518,322749,59,2812,13365,0
2784563807312675,322749,59,2812,13365,0
2784563812423700,322749,59,2812,13365,0
2784563817534521,327845,59,2812,13365,100
2784563822646532,327845,63,2812,13365,100
2784563827759909,327845,63,2812,13365,100
2784563832870476,327845,63,2812,13365,100
2784563837981298,327845,63,2812,13365,100
2784563843092397,327845,63,2812,13365,100
2784563848203383,327845,63,2812,13365,100
2784563853315659,327845,63,2812,13365,100
2784563858426551,327845,63,2812,13365,100
2784563863537502,327845,63,2812,13365,100
2784563868648220,327845,63,2812,13365,100
2784563873760036,327845,63,2812,13365,100
2784563878870937,327845,63,2812,13365,100
2784563883982013,327845,63,2812,13365,100
2784563889110558,327845,63,2812,13365,100
2784563894221490,327845,63,2812,13365,100
2784563899332527,327845,63,2812,13365,100
2784563904444707,327845,63,2812,13365,100
2784563909555556,327845,63,2812,13365,100
2784563914666240,327845,63,2812,13365,100
2784563919778684,327845,63,2812,13365,100
2784563924889793,327845,63,2812,13365,100
2784563930017199,327845,63,2812,13365,100
2784563935128833,327845,63,2812,13365,100
2784563940239841,327845,63,2812,13365,100
2784563945350500,327845,63,2812,13365,100
2784563950461886,327845,63,2812,13365,100
2784563955574309,327845,63,2812,13365,100
2784563960685315,327845,63,2812,13365,100
2784563965797710,327845,63,2812,13365,100
2784563970908749,327845,63,2812,13365,100
2784563976019859,327845,63,2812,13365,100
2784563981130645,327845,63,2812,13365,100
2784563986241433,327845,63,2812,13365,100
2784563991352601,327845,63,2812,13365,100
2784563996464730,327845,63,2812,13365,100
2784564001575901,327845,63,2812,13365,100
2784564006688715,327845,63,2812,13365,100
2784564011789939,327845,63,2812,13365,100
2784564016900722,327845,63,2812,13365,100
2784564022033208,327845,63,2812,13365,100
2784564027144243,327845,63,2812,13365,100
2784564032254745,327845,63,2812,13365,100
2784564037365846,327845,63,2812,13365,100
2784564042477070,327845,63,2812,13365,100
2784564047587740,327845,63,2812,13365,100
2784564052698567,327845,63,2812,13365,100
2784564057811877,327845,63,2812,13365,100
2784564062922423,327845,63,2812,13365,100
2784564068033648,327845,63,2812,13365,100
2784564073144488,327845,63,2812,13365,100
2784564078255636,327845,63,2812,13365,100
2784564083366745,327845,63,2812,13365,100
2784564088477350,327845,63,2812,13365,100
2784564093587860,327845,63,2812,13365,100
2784564098698458,327845,63,2812,13365,100
2784564103808975,327845,63,2812,13365,100
2784564108921431,327845,63,2812,13365,100
2784564114032420,327845,63,2812,13365,100
2784564119142862,327845,63,2812,13365,100
2784564124253489,327845,63,2812,13365,100
2784564129364769,327845,63,2812,13365,100
2784564134475365,327845,63,2812,13365,100
2784564139585893,327845,63,2812,13365,100
2784564144696314,327845,63,2812,13365,100
2784564149806996,327845,63,2812,13365,100
2784564154918647,327845,63,2812,13365,100
2784564160030787,327845,63,2812,13365,100
2784564165141288,327845,63,2812,13365,100
2784564170252156,327845,63,2812,13365,100
2784564175363071,327845,63,2812,13365,100
2784564180473830,327845,63,2812,13365,100
2784564185585102,327845,63,2812,13365,100
2784564190695966,327845,63,2812,13365,100
2784564195806543,327845,63,2812,13365,100
2784564200916999,327845,63,2812,13365,100
2784564206027645,327845,63,2812,13365,100
2784564211139696,327845,63,2812,13365,100
2784564216250620,327845,63,2812,13365,100
2784564221362284,327845,63,2812,13365,100
2784564226473137,327845,63,2812,13365,100
2784564231583739,327845,63,2812,13365,100
2784564236694944,327845,63,2812,13365,100
2784564241805942,327845,63,2812,13365,100
2784564246917600,327845,63,2812,13365,100
2784564252045017,327845,63,2812,13365,100
2784564257156821,327845,63,2812,13365,100
2784564262269455,327845,63,2812,13365,100
2784564267381670,327845,63,2812,13365,100
2784564272493420,327845,63,2812,13365,100
2784564277604417,327845,63,2812,13365,100
2784564282716069,327845,63,2812,13365,100
2784564287829130,327845,63,2812,13365,100
2784564292940047,327845,63,2812,13365,100
2784564298050622,327845,63,2812,13365,100
2784564303161535,327845,63,2812,13365,100
2784564308272564,327845,63,2812,13365,100
2784564313384530,327845,63,2812,13365,100
2784564318496520,378456,63,2812,13365,100
2784564323607497,378456,63,2812,13365,100
2784564328719125,378456,63,2812,13365,100
2784564333830202,378456,63,2812,13365,100
2784564338941034,378456,63,2812,13365,100
2784564344051902,378456,63,2812,13365,100
2784564349163514,378456,63,2812,13365,100
2784564354274795,378456,63,2812,13365,100
2784564359385568,378456,63,2812,13365,100
2784564364497536,378456,63,2812,13365,100
2784564369608359,378456,63,2812,13365,100
2784564374719261,378456,63,2812,13365,100
2784564379830057,378456,63,2812,13365,100
2784564384942794,378456,63,2812,13365,100
2784564390053450,378456,63,2812,13365,100
2784564395164102,378456,63,2812,13365,100
2784564400276298,378456,63,2812,13365,100
2784564405387048,378456,63,2812,13365,100
2784564410498060,378456,63,2812,13365,100
2784564415610533,378456,63,2812,13365,100
2784564420721630,378456,63,2812,13365,100
2784564425832167,378456,63,2812,13365,100
2784564430944905,378456,63,2812,13365,100
2784564436055741,378456,63,2812,13365,100
2784564441166755,378456,63,2812,13365,100
2784564446277605,378456,63,2812,13365,100
2784564451388262,378456,63,2812,13365,100
2784564456499074,378456,63,2812,13365,100
2784564461610100,378456,63,2812,13365,100
2784564466723852,378456,63,2812,13365,100
2784564471835387,378456,63,2812,13365,100
2784564476946309,378456,63,2812,13365,100
2784564482056934,378456,63,2812,13365,100
2784564487167666,378456,63,2812,13365,100
2784564492278610,378456,63,2812,13365,100
2784564497391475,378456,63,2812,13365,100
2784564502502393,378456,63,2812,13365,100
2784564507613312,378456,63,2812,13365,100
2784564512724424,378456,63,2812,13365,100
2784564517837872,378456,63,2812,13365,100
2784564522949333,378456,63,2812,13365,100
2784564528060730,378456,63,2812,13365,100
2784564533171914,378456,63,2812,13365,100
2784564538282538,378456,63,2812,13365,100
2784564543393474,378456,63,2812,13365,100
2784564548504271,378456,63,2812,13365,100
2784564553615467,378456,63,2812,13365,100
2784564558726460,378456,63,2812,13365,100
2784564563837136,378456,63,2812,13365,100
2784564568949273,378456,63,2812,13365,100
2784564574060281,378456,63,2812,13365,100
2784564579171074,378456,63,2812,13365,100
2784564584283313,378456,63,2812,13365,100
2784564589394130,378456,63,2812,13365,100
2784564594505359,378456,63,2812,13365,100
2784564599616039,378456,63,2812,13365,100
2784564604727000,378456,63,2812,13365,100
2784564609837704,378456,63,2812,13365,100
2784564614950305,378456,63,2812,13365,100
2784564620062304,378456,63,2812,13365,100
2784564625172997,378456,63,2812,13365,100
2784564630284069,378456,63,2812,13365,100
2784564635395146,378456,63,2812,13365,100
2784564640506507,378456,63,2812,13365,100
2784564645618839,378456,63,2812,13365,100
2784564650731415,378456,63,2812,13365,100
2784564655843753,378456,63,2812,13365,100
2784564660960076,378456,63,2812,13365,100
2784564666072357,378456,63,2812,13365,100
2784564671185057,378456,63,2812,13365,100
2784564676296093,378456,63,2812,13365,100
2784564681408150,378456,63,2812,13365,100
2784564686521526,378456,63,2812,13365,100
2784564691632766,378456,63,2812,13365,100
2784564696743071,378456,63,2812,13365,100
2784564701854175,378456,63,2812,13365,100
2784564706964775,378456,63,2812,13365,100
2784564712075184,378456,63,2812,13365,100
2784564717186872,378456,63,2812,13365,100
2784564722299009,378456,63,2812,13365,100
2784564727409509,378456,63,2812,13365,100
2784564732519946,378456,63,2812,13365,100
2784564737630866,378456,63,2812,13365,100
2784564742741830,378456,63,2812,13365,100
2784564747852285,378456,63,2812,13365,100
2784564752965150,378456,63,2812,13365,100
2784564758075864,378456,63,2812,13365,100
2784564763186472,378456,63,2812,13365,100
2784564768297081,378456,63,2812,13365,100
2784564773409037,378456,63,2812,13365,100
2784564778520274,378456,63,2812,13365,100
2784564783631930,378456,63,2812,13365,100
2784564788743090,378456,63,2812,13365,100
2784564793854154,378456,63,2812,13365,100
2784564798964659,378456,63,2812,13365,100
2784564804076592,378456,63,2812,13365,100
2784564809188524,378456,63,2812,13365,100
2784564814299348,378456,63,2812,13365,100
2784564819411507,407836,63,2812,13365,100
2784564824524437,407836,63,2812,13365,100
2784564829635476,407836,63,2812,13365,100
2784564834746558,407836,63,2812,13365,100
2784564839857374,407836,63,2812,13365,100
2784564844967839,407836,63,2812,13365,100
2784564850089873,407836,63,2812,13365,100
2784564855200676,407836,63,2812,13365,100
2784564860311482,407836,63,2812,13365,100
2784564865422400,407836,63,2812,13365,100
2784564870534825,407836,63,2812,13365,100
2784564875646955,407836,63,2812,13365,100
2784564880757573,407836,63,2812,13365,100
2784564885868578,407836,63,2812,13365,100
2784564890979238,407836,63,2812,13365,100
2784564896089748,407836,63,2812,13365,100
2784564901200872,407836,63,2812,13365,100
2784564906328240,407836,63,2812,13365,100
2784564911446348,407836,63,2812,13365,100
2784564916556993,407836,63,2812,13365,100
2784564921667613,407836,63,2812,13365,100
2784564926787249,407836,63,2812,13365,100
2784564931898390,407836,63,2812,13365,100
2784564937028886,407836,63,2812,13365,100
2784564942140102,407836,63,2812,13365,100
2784564947250831,407836,63,2812,13365,100
2784564952361631,407836,63,2812,13365,100
2784564957472368,407836,63,2812,13365,100
2784564962583376,407836,63,2812,13365,100
2784564967694369,407836,63,2812,13365,100
2784564972806612,407836,63,2812,13365,100
2784564977918965,407836,63,2812,13365,100
2784564983030186,407836,63,2812,13365,100
2784564988141274,407836,63,2812,13365,100
2784564993251997,407836,63,2812,13365,100
2784564998362687,407836,63,2812,13365,100
2784565003474060,407836,63,2812,13365,100
2784565008584920,407836,63,2812,13365,100
2784565013695513,407836,63,2812,13365,100
2784565018806673,407836,63,2812,13365,100
2784565023917518,407836,63,2812,13365,100
2784565029029753,407836,63,2812,13365,100
2784565034140645,407836,63,2812,13365,100
2784565039253266,407836,63,2812,13365,100
2784565044363787,407836,63,2812,13365,100
2784565049481053,407836,63,2812,13365,100
2784565054591954,407836,63,2812,13365,100
2784565059702984,407836,63,2812,13365,100
2784565064813972,407836,63,2812,13365,100
2784565069926353,407836,63,2812,13365,100
2784565075037317,407836,63,2812,13365,100
2784565080149797,407836,63,2812,13365,100
2784565085260436,407836,63,2812,13365,100
2784565090371015,407836,63,2812,13365,100
2784565095481865,407836,63,2812,13365,100
2784565100592359,407836,63,2812,13365,100
2784565105703356,407836,63,2812,13365,100
2784565110813928,407836,63,2812,13365,100
2784565115924385,407836,63,2812,13365,100
2784565121035449,407836,63,2812,13365,100
2784565126145905,407836,63,2812,13365,100
2784565131258254,407836,63,2812,13365,100
2784565136370560,407836,63,2812,13365,100
2784565141481212,407836,63,2812,13365,100
2784565146592064,407836,63,2812,13365,100
2784565151702754,407836,63,2812,13365,100
2784565156813392,407836,63,2812,13365,100
2784565161923988,407836,63,2812,13365,100
2784565167036409,407836,63,2812,13365,100
2784565172147269,407836,63,2812,13365,100
2784565177258098,407836,63,2812,13365,100
2784565182370140,407836,63,2812,13365,100
2784565187481110,407836,63,2812,13365,100
2784565192592623,407836,63,2812,13365,100
2784565197702935,407836,63,2812,13365,100
2784565202814985,407836,63,2812,13365,100
2784565207925680,407836,63,2812,13365,100
2784565213036781,407836,63,2812,13365,100
2784565218147433,407836,63,2812,13365,100
2784565223258301,407836,63,2812,13365,100
2784565228369062,407836,63,2812,13365,100
2784565233482324,407836,63,2812,13365,100
2784565238592771,407836,63,2812,13365,100
2784565243703779,407836,63,2812,13365,100
2784565248814819,407836,63,2812,13365,100
2784565253925528,407836,63,2812,13365,100
2784565259036172,407836,63,2812,13365,100
2784565264146951,407836,63,2812,13365,100
2784565269257515,407836,63,2812,13365,100
2784565274368200,407836,63,2812,13365,100
2784565279479518,407836,63,2812,13365,100
2784565284591658,407836,63,2812,13365,100
2784565289702286,407836,63,2812,13365,100
2784565294812911,407836,63,2812,13365,100
2784565299925124,407836,63,2812,13365,100
2784565305035684,407836,63,2812,13365,100
2784565310146558,407836,63,2812,13365,100
2784565315257708,407836,63,2812,13365,100
2784565320368309,407880,63,2812,13365,100
2784565325479878,407880,63,2812,13365,100
2784565330592930,407880,63,2812,13365,100
2784565335705846,407880,63,2812,13365,100
2784565340816691,407880,63,2812,13365,100
2784565345928103,407880,63,2812,13365,100
2784565351039006,407880,63,2812,13365,100
2784565356149864,407880,63,2812,13365,100
2784565361260833,407880,63,2812,13365,100
2784565366372673,407880,63,2812,13365,100
2784565371483293,407880,63,2812,13365,100
2784565376594568,407880,63,2812,13365,100
2784565381705660,407880,63,2812,13365,100
2784565386817639,407880,63,2812,13365,100
2784565391929055,407880,63,2812,13365,100
2784565397041748,407880,63,2812,13365,100
2784565402152068,407880,63,2812,13365,100
2784565407262744,407880,63,2812,13365,100
2784565412373521,407880,63,2812,13365,100
2784565417484843,407880,63,2812,13365,100
2784565422595793,407880,63,2812,13365,100
2784565427708060,407880,63,2812,13365,100
2784565432819326,407880,63,2812,13365,100
2784565437947307,407880,63,2812,13365,100
2784565443061202,407880,63,2812,13365,100
2784565448172064,407880,63,2812,13365,100
2784565453282947,407880,63,2812,13365,100
2784565458393948,407880,63,2812,13365,100
2784565463505185,407880,63,2812,13365,100
2784565468616082,407880,63,2812,13365,100
2784565473727339,407880,63,2812,13365,100
2784565478838316,407880,63,2812,13365,100
2784565483949294,407880,63,2812,13365,100
2784565489061687,407880,63,2812,13365,100
2784565494174219,407880,63,2812,13365,100
2784565499285041,407880,63,2812,13365,100
2784565504396098,407880,63,2812,13365,100
2784565509506685,407880,63,2812,13365,100
2784565514617640,407880,63,2812,13365,100
2784565519728661,407880,63,2812,13365,100
2784565524841049,407880,63,2812,13365,100
2784565529951722,407880,63,2812,13365,100
2784565535062283,407880,63,2812,13365,100
2784565540174229,407880,63,2812,13365,100
2784565545285041,407880,63,2812,13365,100
2784565550395811,407880,63,2812,13365,100
2784565555506604,407880,63,2812,13365,100
2784565560633796,407880,63,2812,13365,100
2784565565744571,407880,63,2812,13365,100
2784565570855436,407880,63,2812,13365,100
2784565575976560,407880,63,2812,13365,100
2784565581087506,407880,63,2812,13365,100
2784565586198471,407880,63,2812,13365,100
2784565591311813,407880,63,2812,13365,100
2784565596422147,407880,63,2812,13365,100
2784565601532748,407880,63,2812,13365,100
2784565606643136,407880,63,2812,13365,100
2784565611754285,407880,63,2812,13365,100
2784565616864689,407880,63,2812,13365,100
2784565621977158,407880,63,2812,13365,100
2784565627087910,407880,63,2812,13365,100
2784565632198722,407880,63,2812,13365,100
2784565637308942,407880,63,2812,13365,100
2784565642421439,407880,63,2812,13365,100
2784565647532551,407880,63,2812,13365,100
2784565652643464,407880,63,2812,13365,100
2784565657755316,407880,63,2812,13365,100
2784565662866503,407880,63,2812,13365,100
2784565667977065,407880,63,2812,13365,100
2784565673087789,407880,63,2812,13365,100
2784565678198586,407880,63,2812,13365,100
2784565683309153,407880,63,2812,13365,100
2784565688421483,407880,63,2812,13365,100
2784565693533689,407880,63,2812,13365,100
2784565698644315,407880,63,2812,13365,100
2784565703755418,407880,63,2812,13365,100
2784565708866337,407880,63,2812,13365,100
2784565713977013,407880,63,2812,13365,100
2784565719087693,407880,63,2812,13365,100
2784565724198642,407880,63,2812,13365,100
2784565729309712,407880,63,2812,13365,100
2784565734420191,407880,63,2812,13365,100
2784565739531063,407880,63,2812,13365,100
2784565744643095,407880,63,2812,13365,100
2784565749754592,407880,63,2812,13365,100
2784565754866504,407880,63,2812,13365,100
2784565759977188,407880,63,2812,13365,100
2784565765088053,407880,63,2812,13365,100
2784565770198741,407880,63,2812,13365,100
2784565775309720,407880,63,2812,13365,100
2784565780420457,407880,63,2812,13365,100
2784565785532903,407880,63,2812,13365,100
2784565790643875,407880,63,2812,13365,100
2784565795756617,407880,63,2812,13365,100
2784565800868314,407880,63,2812,13365,100
2784565805985692,407880,63,2812,13365,100
2784565811115777,407880,63,2812,13365,100
2784565816226602,407880,63,2812,13365,100
2784565821337472,407938,63,2812,13365,100
2784565826448862,407938,63,2812,13365,100
2784565831560395,407938,63,2812,13365,100
2784565836671198,407938,63,2812,13365,100
2784565841783159,407938,63,2812,13365,100
2784565846895763,407938,63,2812,13365,100
2784565852023138,407938,63,2812,13365,100
2784565857134121,407938,63,2812,13365,100
2784565862244960,407938,63,2812,13365,100
2784565867356082,407938,63,2812,13365,100
2784565872467001,407938,63,2812,13365,100
2784565877578114,407938,63,2812,13365,100
2784565882689258,407938,63,2812,13365,100
2784565887801478,407938,63,2812,13365,100
2784565892912053,407938,63,2812,13365,100
2784565898025044,407938,63,2812,13365,100
2784565903136350,407938,63,2812,13365,100
2784565908247040,407938,63,2812,13365,100
2784565913357641,407938,63,2812,13365,100
2784565918470085,407938,63,2812,13365,100
2784565923581186,407938,63,2812,13365,100
2784565928692274,407938,63,2812,13365,100
2784565933802987,407938,63,2812,13365,100
2784565938913935,407938,63,2812,13365,100
2784565944025243,407938,63,2812,13365,100
2784565949137860,407938,63,2812,13365,100
2784565954249728,407938,63,2812,13365,100
2784565959360651,407938,63,2812,13365,100
2784565964472053,407938,63,2812,13365,100
2784565969583142,407938,63,2812,13365,100
2784565974693837,407938,63,2812,13365,100
2784565979804790,407938,63,2812,13365,100
2784565984917127,407938,63,2812,13365,100
2784565990028217,407938,63,2812,13365,100
2784565995139100,407938,63,2812,13365,100
2784566000251616,407938,63,2812,13365,100
2784566005362509,407938,63,2812,13365,100
2784566010473648,407938,63,2812,13365,100
2784566015585441,407938,63,2812,13365,100
2784566020696277,407938,63,2812,13365,100
2784566025807038,407938,63,2812,13365,100
2784566030918771,407938,63,2812,13365,100
2784566036029555,407938,63,2812,13365,100
2784566041140775,407938,63,2812,13365,100
2784566046251872,407938,63,2812,13365,100
2784566051364208,407938,63,2812,13365,100
2784566056475749,407938,63,2812,13365,100
2784566061588181,407938,63,2812,13365,100
2784566066698729,407938,63,2812,13365,100
2784566071809857,407938,63,2812,13365,100
2784566076920694,407938,63,2812,13365,100
2784566082031826,407938,63,2812,13365,100
2784566087142343,407938,63,2812,13365,100
2784566092253624,407938,63,2812,13365,100
2784566097364623,407938,63,2812,13365,100
2784566102477180,407938,63,2812,13365,100
2784566107588273,407938,63,2812,13365,100
2784566112699763,407938,63,2812,13365,100
2784566117810381,407938,63,2812,13365,100
2784566122921958,407938,63,2812,13365,100
2784566128033518,407938,63,2812,13365,100
2784566133144668,407938,63,2812,13365,100
2784566138255811,407938,63,2812,13365,100
2784566143366343,407938,63,2812,13365,100
2784566148477140,407938,63,2812,13365,100
2784566153590057,407938,63,2812,13365,100
2784566158710771,407938,63,2812,13365,100
2784566163823233,407938,63,2812,13365,100
2784566168950445,407938,63,2812,13365,100
2784566174061062,407938,63,2812,13365,100
2784566179171935,407938,63,2812,13365,100
2784566184282894,407938,63,2812,13365,100
2784566189393689,407938,63,2812,13365,100
2784566194505683,407938,63,2812,13365,100
2784566199616516,407938,63,2812,13365,100
2784566204729144,407938,63,2812,13365,100
2784566209840121,407938,63,2812,13365,100
2784566214967029,407938,63,2812,13365,100
2784566220078258,407938,63,2812,13365,100
2784566225189610,407938,63,2812,13365,100
2784566230300670,407938,63,2812,13365,100
2784566235411723,407938,63,2812,13365,100
2784566240522595,407938,63,2812,13365,100
2784566245633178,407938,63,2812,13365,100
2784566250744256,407938,63,2812,13365,100
2784566255856540,407938,63,2812,13365,100
2784566260968924,407938,63,2812,13365,100
2784566266079829,407938,63,2812,13365,100
2784566271191029,407938,63,2812,13365,100
2784566276301654,407938,63,2812,13365,100
2784566281413598,407938,63,2812,13365,100
2784566286524527,407938,63,2812,13365,100
2784566291636492,407938,63,2812,13365,100
2784566296747364,407938,63,2812,13365,100
2784566301858201,407938,63,2812,13365,100
2784566306970600,407938,63,2812,13365,100
2784566312081795,407938,63,2812,13365,100
2784566317192409,407938,63,2812,13365,100
2784566322303013,407999,63,2812,13365,100
2784566327416830,407999,63,2812,13365,100
2784566332528599,407999,63,2812,13365,100
2784566337639179,407999,63,2812,13365,100
2784566342750207,407999,63,2812,13365,100
2784566347861116,407999,63,2812,13365,100
2784566352972004,407999,63,2812,13365,100
2784566358084817,407999,63,2812,13365,100
2784566363196187,407999,63,2812,13365,100
2784566368307258,407999,63,2812,13365,100
2784566373418156,407999,63,2812,13365,100
2784566378528993,407999,63,2812,13365,100
2784566383639926,407999,63,2812,13365,100
2784566388750361,407999,63,2812,13365,100
2784566393862020,407999,63,2812,13365,100
2784566398972948,407999,63,2812,13365,100
2784566404083789,407999,63,2812,13365,100
2784566409196457,407999,63,2812,13365,100
2784566414308065,407999,63,2812,13365,100
2784566419418857,407999,63,2812,13365,100
2784566424530947,407999,63,2812,13365,100
2784566429642146,407999,63,2812,13365,100
2784566434753111,407999,63,2812,13365,100
2784566439863859,407999,63,2812,13365,100
2784566444974924,407999,63,2812,13365,100
2784566450085604,407999,63,2812,13365,100
2784566455197706,407999,63,2812,13365,100
2784566460310311,407999,63,2812,13365,100
2784566465421541,407999,63,2812,13365,100
2784566470532250,407999,63,2812,13365,100
2784566475642931,407999,63,2812,13365,100
2784566480753875,407999,63,2812,13365,100
2784566485866013,407999,63,2812,13365,100
2784566490976930,407999,63,2812,13365,100
2784566496087584,407999,63,2812,13365,100
2784566501198152,407999,63,2812,13365,100
2784566506309237,407999,63,2812,13365,100
2784566511421685,407999,63,2812,13365,100
2784566516532726,407999,63,2812,13365,100
2784566521645156,407999,63,2812,13365,100
2784566526756163,407999,63,2812,13365,100
2784566531867123,407999,63,2812,13365,100
2784566536978095,407999,63,2812,13365,100
2784566542088876,407999,63,2812,13365,100
2784566547199853,407999,63,2812,13365,100
2784566552311997,407999,63,2812,13365,100
2784566557423707,407999,63,2812,13365,100
2784566562537781,407999,63,2812,13365,100
2784566567650756,407999,63,2812,13365,100
2784566572763688,407999,63,2812,13365,100
2784566577875385,407999,63,2812,13365,100
2784566582987871,407999,63,2812,13365,100
2784566588115288,407999,63,2812,13365,100
2784566593244167,407999,63,2812,13365,100
2784566598355310,407999,63,2812,13365,100
2784566603467487,407999,63,2812,13365,100
2784566608580400,407999,63,2812,13365,100
2784566613694097,407999,63,2812,13365,100
2784566618806093,407999,63,2812,13365,100
2784566623917834,407999,63,2812,13365,100
2784566629031109,407999,63,2812,13365,100
2784566634142206,407999,63,2812,13365,100
2784566639253687,407999,63,2812,13365,100
2784566644364628,407999,63,2812,13365,100
2784566649476948,407999,63,2812,13365,100
2784566654587700,407999,63,2812,13365,100
2784566659698585,407999,63,2812,13365,100
2784566664811149,407999,63,2812,13365,100
2784566669903224,407999,63,2812,13365,100
2784566675029898,407999,63,2812,13365,100
2784566680141682,407999,63,2812,13365,100
2784566685252327,407999,63,2812,13365,100
2784566690363140,407999,63,2812,13365,100
2784566695474292,407999,63,2812,13365,100
2784566700584832,407999,63,2812,13365,100
2784566705695349,407999,63,2812,13365,100
2784566710807345,407999,63,2812,13365,100
2784566715921346,407999,63,2812,13365,100
2784566721031894,407999,63,2812,13365,100
2784566726144214,407999,63,2812,13365,100
2784566731257330,407999,63,2812,13365,100
2784566736368955,407999,63,2812,13365,100
2784566741481279,407999,63,2812,13365,100
2784566746592548,407999,63,2812,13365,100
2784566751705055,407999,63,2812,13365,100
2784566756816647,407999,63,2812,13365,100
2784566761929189,407999,63,2812,13365,100
2784566767043297,407999,63,2812,13365,100
2784566772155618,407999,63,2812,13365,100
2784566777269926,407999,63,2812,13365,100
2784566782381695,407999,63,2812,13365,100
2784566787494379,407999,63,2812,13365,100
2784566792605519,407999,63,2812,13365,100
2784566797717604,407999,63,2812,13365,100
2784566802829813,407999,63,2812,13365,100
2784566807942576,407999,63,2812,13365,100
2784566813063625,407999,63,2812,13365,100
2784566818177425,407999,63,2812,13365,100
2784566823289771,408234,63,2812,13365,100
2784566828401990,408234,63,2812,13365,100
2784566833513603,408234,63,2812,13365,100
2784566838626235,408234,63,2812,13365,100
2784566843736939,408234,63,2812,13365,100
2784566848847452,408234,63,2812,13365,100
2784566853958303,408234,63,2812,13365,100
2784566859069140,408234,63,2812,13365,100
2784566864181845,408234,63,2812,13365,100
2784566869310216,408234,63,2812,13365,100
2784566874421358,408234,63,2812,13365,100
2784566879531978,408234,63,2812,13365,100
2784566884643037,408234,63,2812,13365,100
2784566889754019,408234,63,2812,13365,100
2784566894864976,408234,63,2812,13365,100
2784566899976244,408234,63,2812,13365,100
2784566905087406,408234,63,2812,13365,100
2784566910198285,408234,63,2812,13365,100
2784566915308685,408234,63,2812,13365,100
2784566920420966,408234,63,2812,13365,100
2784566925532244,408234,63,2812,13365,100
2784566930645094,408234,63,2812,13365,100
2784566935755655,408234,63,2812,13365,100
2784566940866839,408234,63,2812,13365,100
2784566945977440,408234,63,2812,13365,100
2784566951088696,408234,63,2812,13365,100
2784566956199520,408234,63,2812,13365,100
2784566961311958,408234,63,2812,13365,100
2784566966435733,408234,63,2812,13365,100
2784566971548074,408234,63,2812,13365,100
2784566976659298,408234,63,2812,13365,100
2784566981770422,408234,63,2812,13365,100
2784566986881087,408234,63,2812,13365,100
2784566991991884,408234,63,2812,13365,100
2784566997121704,408234,63,2812,13365,100
2784567002232156,408234,63,2812,13365,100
2784567007342915,408234,63,2812,13365,100
2784567012453953,408234,63,2812,13365,100
2784567017564882,408234,63,2812,13365,100
2784567022677402,408234,63,2812,13365,100
2784567027789947,408234,63,2812,13365,100
2784567032901257,408234,63,2812,13365,100
2784567038030311,408234,63,2812,13365,100
2784567043141804,408234,63,2812,13365,100
2784567048252376,408234,63,2812,13365,100
2784567053363154,408234,63,2812,13365,100
2784567058474226,408234,63,2812,13365,100
2784567063584781,408234,63,2812,13365,100
2784567068695593,408234,63,2812,13365,100
2784567073809318,408234,63,2812,13365,100
2784567078941854,408234,63,2812,13365,100
2784567084052701,408234,63,2812,13365,100
2784567089163493,408234,63,2812,13365,100
2784567094274051,408234,63,2812,13365,100
2784567099384734,408234,63,2812,13365,100
2784567104497337,408234,63,2812,13365,100
2784567109608257,408234,63,2812,13365,100
2784567114718909,408234,63,2812,13365,100
2784567119829781,408234,63,2812,13365,100
2784567124941869,408234,63,2812,13365,100
2784567130052675,408234,63,2812,13365,100
2784567135163367,408234,63,2812,13365,100
2784567140274719,408234,63,2812,13365,100
2784567145385372,408234,63,2812,13365,100
2784567150496088,408234,63,2812,13365,100
2784567155607588,408234,63,2812,13365,100
2784567160718065,408234,63,2812,13365,100
2784567165828773,408234,63,2812,13365,100
2784567170941450,408234,63,2812,13365,100
2784567176053686,408234,63,2812,13365,100
2784567181164539,408234,63,2812,13365,100
2784567186275287,408234,63,2812,13365,100
2784567191386391,408234,63,2812,13365,100
2784567196497220,408234,63,2812,13365,100
2784567201608097,408234,63,2812,13365,100
2784567206719034,408234,63,2812,13365,100
2784567211829929,408234,63,2812,13365,100
2784567216940683,408234,63,2812,13365,100
2784567222051906,408234,63,2812,13365,100
2784567227163898,408234,63,2812,13365,100
2784567232274663,408234,63,2812,13365,100
2784567237385235,408234,63,2812,13365,100
2784567242496065,408234,63,2812,13365,100
2784567247606855,408234,63,2812,13365,100
2784567252717540,408234,63,2812,13365,100
2784567257828617,408234,63,2812,13365,100
2784567262939801,408234,63,2812,13365,100
2784567268052246,408234,63,2812,13365,100
2784567273163452,408234,63,2812,13365,100
2784567278276450,408234,63,2812,13365,100
2784567283388467,408234,63,2812,13365,100
2784567288500491,408234,63,2812,13365,100
2784567293612128,408234,63,2812,13365,100
2784567298724628,408234,63,2812,13365,100
2784567303835596,408234,63,2812,13365,100
2784567308946573,408234,63,2812,13365,100
2784567314057229,408234,63,2812,13365,100
2784567319168206,408234,63,2805,13365,100
2784567324279302,408293,63,2805,13365,100
2784567329392226,408293,63,2805,13365,100
2784567334505015,408293,63,2805,13365,100
2784567339616091,408293,63,2805,13365,100
2784567344726932,408293,63,2805,13365,100
2784567349837572,408293,63,2805,13365,100
2784567354947975,408293,63,2805,13365,100
2784567360058765,408293,63,2805,13365,100
2784567365171238,408293,63,2805,13365,100
2784567370283961,408293,63,2805,13365,100
2784567375394811,408293,63,2805,13365,100
2784567380507077,408293,63,2805,13365,100
2784567385617981,408293,63,2805,13365,100
2784567390728906,408293,63,2805,13365,100
2784567395839270,408293,63,2805,13365,100
2784567400950084,408293,63,2805,13365,100
2784567406062888,408293,63,2805,13365,100
2784567411173925,408293,63,2805,13365,100
2784567416284930,408293,63,2805,13365,100
2784567421396114,408293,63,2805,13365,100
2784567426507037,408293,63,2805,13365,100
2784567431619323,408293,63,2805,13365,100
2784567436732131,408293,63,2805,13365,100
2784567441844856,408293,63,2805,13365,100
2784567446957754,408293,63,2805,13365,100
2784567452069766,408293,63,2805,13365,100
2784567457181993,408293,63,2805,13365,100
2784567462294381,408293,63,2805,13365,100
2784567467405145,408293,63,2805,13365,100
2784567472516110,408293,63,2805,13365,100
2784567477626930,408293,63,2805,13365,100
2784567482739367,408293,63,2805,13365,100
2784567487850388,408293,63,2805,13365,100
2784567492974160,408293,63,2805,13365,100
2784567498084752,408293,63,2805,13365,100
2784567503195517,408293,63,2805,13365,100
2784567508305975,408293,63,2805,13365,100
2784567513416433,408293,63,2805,13365,100
2784567518526990,408293,63,2805,13365,100
2784567523654179,408293,63,2805,13365,100
2784567528766454,408293,63,2805,13365,100
2784567533878447,408293,63,2805,13365,100
2784567538989555,408293,63,2805,13365,100
2784567544117552,408293,63,2805,13365,100
2784567549227980,408293,63,2805,13365,100
2784567554338945,408293,63,2805,13365,100
2784567559449949,408293,63,2805,13365,100
2784567564560645,408293,63,2805,13365,100
2784567569671334,408293,63,2805,13365,100
2784567574783630,408293,63,2805,13365,100
2784567579894843,408293,63,2805,13365,100
2784567585022779,408293,63,2805,13365,100
2784567590133899,408293,63,2805,13365,100
2784567595245731,408293,63,2805,13365,100
2784567600357956,408293,63,2805,13365,100
2784567605470205,408293,63,2805,13365,100
2784567610581705,408293,63,2805,13365,100
2784567615694314,408293,63,2805,13365,100
2784567620805613,408293,63,2805,13365,100
2784567625917794,408293,63,2805,13365,100
2784567631028822,408293,63,2805,13365,100
2784567636141711,408293,63,2805,13365,100
2784567641253215,408293,63,2805,13365,100
2784567646364452,408293,63,2805,13365,100
2784567651476120,408293,63,2805,13365,100
2784567656587315,408293,63,2805,13365,100
2784567661698141,408293,63,2805,13365,100
2784567666809313,408293,63,2805,13365,100
2784567671920474,408293,63,2805,13365,100
2784567677031482,408293,63,2805,13365,100
2784567682142835,408293,63,2805,13365,100
2784567687255323,408293,63,2805,13365,100
2784567692366355,408293,63,2805,13365,100
2784567697479303,408293,63,2805,13365,100
2784567702591302,408293,63,2805,13365,100
2784567707703608,408293,63,2805,13365,100
2784567712815998,408293,63,2805,13365,100
2784567717928366,408293,63,2805,13365,100
2784567723041194,408293,63,2805,13365,100
2784567728154118,408293,63,2805,13365,100
2784567733275483,408293,63,2805,13365,100
2784567738388345,408293,63,2805,13365,100
2784567743500988,408293,63,2805,13365,100
2784567748612814,408293,63,2805,13365,100
2784567753725112,408293,63,2805,13365,100
2784567758837421,408293,63,2805,13365,100
2784567763950325,408293,63,2805,13365,100
2784567769064626,408293,63,2805,13365,100
2784567774177150,408293,63,2805,13365,100
2784567779289714,408293,63,2805,13365,100
2784567784400931,408293,63,2805,13365,100
2784567789513839,408293,63,2805,13365,100
2784567794626148,408293,63,2805,13365,100
2784567799738364,408293,63,2805,13365,100
2784567804851590,408293,63,2805,13365,100
2784567809962357,408293,63,2805,13365,100
2784567815073281,408293,63,2805,13365,100
2784567820184158,408108,63,2805,13365,100
2784567825295402,408108,63,2805,13365,100
2784567830406910,408108,63,2805,13365,100
2784567835518102,408108,63,2805,13365,100
2784567840632013,408108,63,2805,13365,100
2784567845743080,408108,63,2805,13365,100
2784567850853708,408108,63,2805,13365,100
2784567855965125,408108,63,2805,13365,100
2784567861077233,408108,63,2805,13365,100
2784567866190001,408108,63,2805,13365,100
2784567871301994,408108,63,2805,13365,100
2784567876412624,408108,63,2805,13365,100
2784567881523698,408108,63,2805,13365,100
2784567886634203,408108,63,2805,13365,100
2784567891746387,408108,63,2805,13365,100
2784567896857336,408108,63,2805,13365,100
2784567901969512,408108,63,2805,13365,100
2784567907080311,408108,63,2805,13365,100
2784567912190690,408108,63,2805,13365,100
2784567917301313,408108,63,2805,13365,100
2784567922411794,408108,63,2805,13365,100
2784567927522387,408108,63,2805,13365,100
2784567932633275,408108,63,2805,13365,100
2784567937744547,408108,63,2805,13365,100
2784567942857922,408108,63,2805,13365,100
2784567947969760,408108,63,2805,13365,100
2784567953080591,408108,63,2805,13365,100
2784567958191673,408108,63,2805,13365,100
2784567963302167,408108,63,2805,13365,100
2784567968413051,408108,63,2805,13365,100
2784567973523650,408108,63,2805,13365,100
2784567978635722,408108,63,2805,13365,100
2784567983746983,408108,63,2805,13365,100
2784567988857302,408108,63,2805,13365,100
2784567993969704,408108,63,2805,13365,100
2784567999080690,408108,63,2805,13365,100
2784568004192913,408108,63,2805,13365,100
2784568009304767,408108,63,2805,13365,100
2784568014416553,408108,63,2805,13365,100
2784568019528201,408108,63,2805,13365,100
2784568024632428,408108,63,2805,13365,100
2784568029741150,408108,63,2805,13365,100
2784568034853403,408108,63,2805,13365,100
2784568039965859,408108,63,2805,13365,100
2784568045079656,408108,63,2805,13365,100
2784568050220900,408108,63,2805,13365,100
2784568055332399,408108,63,2805,13365,100
2784568060444191,408108,63,2805,13365,100
2784568065556497,408108,63,2805,13365,100
2784568070668401,408108,63,2805,13365,100
2784568075781618,408108,63,2805,13365,100
2784568080895268,408108,63,2805,13365,100
2784568086022639,408108,63,2805,13365,100
2784568091135437,408108,63,2805,13365,100
2784568096249842,408108,63,2805,13365,100
2784568101361758,408108,63,2805,13365,100
2784568106474465,408108,63,2805,13365,100
2784568111586295,408108,63,2805,13365,100
2784568116698752,408108,63,2805,13365,100
2784568121781328,408108,63,2805,13365,100
2784568126870331,408108,63,2805,13365,100
2784568131973965,408108,63,2805,13365,100
2784568137085708,408108,63,2805,13365,100
2784568142198056,408108,63,2805,13365,100
2784568147311218,408108,63,2805,13365,100
2784568152422956,408108,63,2805,13365,100
2784568157534862,408108,63,2805,13365,100
2784568162646534,408108,63,2805,13365,100
2784568167744224,408108,63,2805,13365,100
2784568172835501,408108,63,2805,13365,100
2784568177962545,408108,63,2805,13365,100
2784568183010593,408108,63,2805,13365,100
2784568188092735,408108,63,2805,13365,100
2784568193298684,408108,63,2805,13365,100
2784568198411632,408108,63,2805,13365,100
2784568203525913,408108,63,2805,13365,100
2784568208637577,408108,63,2805,13365,100
2784568213749425,408108,63,2805,13365,100
2784568218862790,408108,63,2805,13365,100
2784568223975659,408108,63,2805,13365,100
2784568229088543,408108,63,2805,13365,100
2784568234200961,408108,63,2805,13365,100
2784568239313438,408108,63,2805,13365,100
2784568244426650,408108,63,2805,13365,100
2784568249539040,408108,63,2805,13365,100
2784568254651813,408108,63,2805,13365,100
2784568259740830,408108,63,2805,13365,100
2784568264838862,408108,63,2805,13365,100
2784568269948163,408108,63,2805,13365,100
2784568275044655,408108,63,2805,13365,100
2784568280144334,408108,63,2805,13365,100
2784568285245588,408108,63,2805,13365,100
2784568290357197,408108,63,2805,13365,100
2784568295470935,408108,63,2805,13365,100
2784568300582286,408108,63,2805,13365,100
2784568305695874,408108,63,2805,13365,100
2784568310809140,408108,63,2805,13365,100
2784568315922025,408108,63,2805,13365,100
2784568321034255,407859,63,2805,13365,100
2784568326149523,407859,63,2805,13365,100
2784568331268965,407859,63,2805,13365,100
2784568336381336,407859,63,2805,13365,100
2784568341493494,407859,63,2805,13365,100
2784568346606791,407859,63,2805,13365,100
2784568351719873,407859,63,2805,13365,100
2784568356833009,407859,63,2805,13365,100
2784568361944314,407859,63,2805,13365,100
2784568367055383,407859,63,2805,13365,100
2784568372170702,407859,63,2805,13365,100
2784568377282595,407859,63,2805,13365,100
2784568382394307,407859,63,2805,13365,100
2784568387505756,407859,63,2805,13365,100
2784568392616820,407859,63,2805,13365,100
2784568397730073,407859,63,2805,13365,100
2784568402841454,407859,63,2805,13365,100
2784568407953082,407859,63,2805,13365,100
2784568413064182,407859,63,2805,13365,100
2784568418175198,407859,63,2805,13365,100
2784568423286179,407859,63,2805,13365,100
2784568428397380,407859,63,2805,13365,100
2784568433509974,407859,63,2805,13365,100
2784568438622788,407859,63,2805,13365,100
2784568443741144,407859,63,2805,13365,100
2784568448855277,407859,63,2805,13365,100
2784568453969002,407859,63,2805,13365,100
2784568459080901,407859,63,2805,13365,100
2784568464193434,407859,63,2805,13365,100
2784568469305206,407859,63,2805,13365,100
2784568474417034,407859,63,2805,13365,100
2784568479530435,407859,63,2805,13365,100
2784568484645139,407859,63,2805,13365,100
2784568489781236,407859,63,2805,13365,100
2784568494910312,407859,63,2805,13365,100
2784568500027169,407859,63,2805,13365,100
2784568505139207,407859,63,2805,13365,100
2784568510251817,407859,63,2805,13365,100
2784568515365196,407859,63,2805,13365,100
2784568520479006,407859,63,2805,13365,100
2784568525591285,407859,63,2805,13365,100
2784568530703139,407859,63,2805,13365,100
2784568535814967,407859,63,2805,13365,100
2784568540927020,407859,63,2805,13365,100
2784568546039412,407859,63,2805,13365,100
2784568551154161,407859,63,2805,13365,100
2784568556267465,407859,63,2805,13365,100
2784568561382650,407859,63,2805,13365,100
2784568566498746,407859,63,2805,13365,100
2784568571614339,407859,63,2805,13365,100
2784568576726883,407859,63,2805,13365,100
2784568581841975,407859,63,2805,13365,100
2784568586957378,407859,63,2805,13365,100
2784568592087122,407859,63,2805,13365,100
2784568597193474,407859,63,2805,13365,100
2784568602284887,407859,63,2805,13365,100
2784568607365066,407859,63,2805,13365,100
2784568612466626,407859,63,2805,13365,100
2784568617576979,407859,63,2805,13365,100
2784568622663371,407859,63,2805,13365,100
2784568627740427,407859,63,2805,13365,100
2784568632816938,407859,63,2805,13365,100
2784568637888695,407859,63,2805,13365,100
2784568642966850,407859,63,2805,13365,100
2784568648072258,407859,63,2805,13365,100
2784568653200511,407859,63,2805,13365,100
2784568658313535,407859,63,2805,13365,100
2784568663428205,407859,63,2805,13365,100
2784568668546704,407859,63,2805,13365,100
2784568673662596,407859,63,2805,13365,100
2784568678780688,407859,63,2805,13365,100
2784568683893804,407859,63,2805,13365,100
2784568689021069,407859,63,2805,13365,100
2784568694137893,407859,63,2805,13365,100
2784568699255718,407859,63,2805,13365,100
2784568704372602,407859,63,2805,13365,100
2784568709490424,407859,63,2805,13365,100
2784568714606511,407859,63,2805,13365,100
2784568719722763,407859,63,2805,13365,100
2784568724838311,407859,63,2805,13365,100
2784568729954616,407859,63,2805,13365,100
2784568735070720,407859,63,2805,13365,100
2784568740189629,407859,63,2805,13365,100
2784568745305384,407859,63,2805,13365,100
